date,value
1/1/2005,1.97
1/2/2005,1.97
1/3/2005,2.31
1/4/2005,2.25
1/5/2005,2.25
1/6/2005,2.25
1/7/2005,2.24
1/8/2005,2.24
1/9/2005,2.24
1/10/2005,2.26
1/11/2005,2.24
1/12/2005,2.25
1/13/2005,2.29
1/14/2005,2.29
1/15/2005,2.29
1/16/2005,2.29
1/17/2005,2.29
1/18/2005,2.31
1/19/2005,2.19
1/20/2005,2.25
1/21/2005,2.26
1/22/2005,2.26
1/23/2005,2.26
1/24/2005,2.26
1/25/2005,2.29
1/26/2005,2.33
1/27/2005,2.39
1/28/2005,2.48
1/29/2005,2.48
1/30/2005,2.48
1/31/2005,2.5
2/1/2005,2.4
2/2/2005,2.29
2/3/2005,2.49
2/4/2005,2.51
2/5/2005,2.51
2/6/2005,2.51
2/7/2005,2.5
2/8/2005,2.48
2/9/2005,2.5
2/10/2005,2.51
2/11/2005,2.5
2/12/2005,2.5
2/13/2005,2.5
2/14/2005,2.51
2/15/2005,2.53
2/16/2005,2.48
2/17/2005,2.5
2/18/2005,2.51
2/19/2005,2.51
2/20/2005,2.51
2/21/2005,2.51
2/22/2005,2.57
2/23/2005,2.53
2/24/2005,2.55
2/25/2005,2.54
2/26/2005,2.54
2/27/2005,2.54
2/28/2005,2.52
3/1/2005,2.39
3/2/2005,2.48
3/3/2005,2.51
3/4/2005,2.5
3/5/2005,2.5
3/6/2005,2.5
3/7/2005,2.51
3/8/2005,2.49
3/9/2005,2.5
3/10/2005,2.52
3/11/2005,2.51
3/12/2005,2.51
3/13/2005,2.51
3/14/2005,2.59
3/15/2005,2.61
3/16/2005,2.57
3/17/2005,2.68
3/18/2005,2.7
3/19/2005,2.7
3/20/2005,2.7
3/21/2005,2.71
3/22/2005,2.72
3/23/2005,2.73
3/24/2005,2.75
3/25/2005,2.8
3/26/2005,2.8
3/27/2005,2.8
3/28/2005,2.79
3/29/2005,2.72
3/30/2005,2.74
3/31/2005,2.96
4/1/2005,2.83
4/2/2005,2.83
4/3/2005,2.83
4/4/2005,2.78
4/5/2005,2.72
4/6/2005,2.73
4/7/2005,2.76
4/8/2005,2.75
4/9/2005,2.75
4/10/2005,2.75
4/11/2005,2.78
4/12/2005,2.77
4/13/2005,2.76
4/14/2005,2.79
4/15/2005,2.82
4/16/2005,2.82
4/17/2005,2.82
4/18/2005,2.75
4/19/2005,2.74
4/20/2005,2.74
4/21/2005,2.75
4/22/2005,2.74
4/23/2005,2.74
4/24/2005,2.74
4/25/2005,2.82
4/26/2005,2.78
4/27/2005,2.63
4/28/2005,2.89
4/29/2005,2.97
4/30/2005,2.97
5/1/2005,2.97
5/2/2005,2.98
5/3/2005,2.95
5/4/2005,2.99
5/5/2005,2.99
5/6/2005,2.98
5/7/2005,2.98
5/8/2005,2.98
5/9/2005,2.99
5/10/2005,2.99
5/11/2005,2.99
5/12/2005,3.01
5/13/2005,3.01
5/14/2005,3.01
5/15/2005,3.01
5/16/2005,3.06
5/17/2005,2.99
5/18/2005,3
5/19/2005,3.02
5/20/2005,3.01
5/21/2005,3.01
5/22/2005,3.01
5/23/2005,3.01
5/24/2005,2.99
5/25/2005,3.01
5/26/2005,3.01
5/27/2005,3.01
5/28/2005,3.01
5/29/2005,3.01
5/30/2005,3.01
5/31/2005,3.09
6/1/2005,3.02
6/2/2005,3
6/3/2005,2.99
6/4/2005,2.99
6/5/2005,2.99
6/6/2005,3
6/7/2005,2.96
6/8/2005,2.96
6/9/2005,3.01
6/10/2005,3.01
6/11/2005,3.01
6/12/2005,3.01
6/13/2005,3.04
6/14/2005,3.01
6/15/2005,3.05
6/16/2005,3
6/17/2005,2.99
6/18/2005,2.99
6/19/2005,2.99
6/20/2005,3.01
6/21/2005,2.96
6/22/2005,2.93
6/23/2005,3.05
6/24/2005,3.07
6/25/2005,3.07
6/26/2005,3.07
6/27/2005,3.17
6/28/2005,3.17
6/29/2005,3.2
6/30/2005,3.35
7/1/2005,3.36
7/2/2005,3.36
7/3/2005,3.36
7/4/2005,3.36
7/5/2005,3.27
7/6/2005,2.99
7/7/2005,3.18
7/8/2005,3.22
7/9/2005,3.22
7/10/2005,3.22
7/11/2005,3.23
7/12/2005,3.23
7/13/2005,3.27
7/14/2005,3.32
7/15/2005,3.32
7/16/2005,3.32
7/17/2005,3.32
7/18/2005,3.19
7/19/2005,3.13
7/20/2005,3.25
7/21/2005,3.27
7/22/2005,3.25
7/23/2005,3.25
7/24/2005,3.25
7/25/2005,3.28
7/26/2005,3.25
7/27/2005,3.27
7/28/2005,3.27
7/29/2005,3.31
7/30/2005,3.31
7/31/2005,3.31
8/1/2005,3.3
8/2/2005,3.2
8/3/2005,3.35
8/4/2005,3.44
8/5/2005,3.49
8/6/2005,3.49
8/7/2005,3.49
8/8/2005,3.5
8/9/2005,3.47
8/10/2005,3.48
8/11/2005,3.51
8/12/2005,3.55
8/13/2005,3.55
8/14/2005,3.55
8/15/2005,3.61
8/16/2005,3.46
8/17/2005,3.57
8/18/2005,3.5
8/19/2005,3.54
8/20/2005,3.54
8/21/2005,3.54
8/22/2005,3.51
8/23/2005,3.49
8/24/2005,3.5
8/25/2005,3.55
8/26/2005,3.54
8/27/2005,3.54
8/28/2005,3.54
8/29/2005,3.54
8/30/2005,3.52
8/31/2005,3.63
9/1/2005,3.57
9/2/2005,3.49
9/3/2005,3.49
9/4/2005,3.49
9/5/2005,3.49
9/6/2005,3.57
9/7/2005,3.48
9/8/2005,3.49
9/9/2005,3.49
9/10/2005,3.49
9/11/2005,3.49
9/12/2005,3.5
9/13/2005,3.45
9/14/2005,3.54
9/15/2005,3.67
9/16/2005,3.62
9/17/2005,3.62
9/18/2005,3.62
9/19/2005,3.62
9/20/2005,3.67
9/21/2005,3.72
9/22/2005,3.77
9/23/2005,3.76
9/24/2005,3.76
9/25/2005,3.76
9/26/2005,3.83
9/27/2005,3.73
9/28/2005,3.76
9/29/2005,3.82
9/30/2005,3.93
10/1/2005,3.93
10/2/2005,3.93
10/3/2005,3.87
10/4/2005,3.75
10/5/2005,3.75
10/6/2005,3.76
10/7/2005,3.73
10/8/2005,3.73
10/9/2005,3.73
10/10/2005,3.73
10/11/2005,3.72
10/12/2005,3.36
10/13/2005,3.75
10/14/2005,3.77
10/15/2005,3.77
10/16/2005,3.77
10/17/2005,3.82
10/18/2005,3.71
10/19/2005,3.71
10/20/2005,3.77
10/21/2005,3.76
10/22/2005,3.76
10/23/2005,3.76
10/24/2005,3.76
10/25/2005,3.74
10/26/2005,3.75
10/27/2005,3.85
10/28/2005,3.9
10/29/2005,3.9
10/30/2005,3.9
10/31/2005,4.02
11/1/2005,3.99
11/2/2005,3.99
11/3/2005,4.01
11/4/2005,4
11/5/2005,4
11/6/2005,4
11/7/2005,3.99
11/8/2005,3.95
11/9/2005,4.02
11/10/2005,3.98
11/11/2005,3.98
11/12/2005,3.98
11/13/2005,3.98
11/14/2005,4.03
11/15/2005,3.97
11/16/2005,3.96
11/17/2005,3.98
11/18/2005,4
11/19/2005,4
11/20/2005,4
11/21/2005,4.03
11/22/2005,3.99
11/23/2005,4.01
11/24/2005,4.01
11/25/2005,4.03
11/26/2005,4.03
11/27/2005,4.03
11/28/2005,4.01
11/29/2005,3.99
11/30/2005,4.03
12/1/2005,4.03
12/2/2005,4
12/3/2005,4
12/4/2005,4
12/5/2005,4.02
12/6/2005,3.97
12/7/2005,3.98
12/8/2005,4.09
12/9/2005,4.16
12/10/2005,4.16
12/11/2005,4.16
12/12/2005,4.24
12/13/2005,4.23
12/14/2005,4.26
12/15/2005,4.29
12/16/2005,4.25
12/17/2005,4.25
12/18/2005,4.25
12/19/2005,4.25
12/20/2005,4.3
12/21/2005,4.08
12/22/2005,4.25
12/23/2005,4.21
12/24/2005,4.21
12/25/2005,4.21
12/26/2005,4.21
12/27/2005,4.26
12/28/2005,4.19
12/29/2005,4.18
12/30/2005,4.09
12/31/2005,4.09
1/1/2006,4.09
1/2/2006,4.09
1/3/2006,4.34
1/4/2006,4.22
1/5/2006,4.24
1/6/2006,4.22
1/7/2006,4.22
1/8/2006,4.22
1/9/2006,4.25
1/10/2006,4.24
1/11/2006,4.24
1/12/2006,4.28
1/13/2006,4.3
1/14/2006,4.3
1/15/2006,4.3
1/16/2006,4.3
1/17/2006,4.32
1/18/2006,4.24
1/19/2006,4.23
1/20/2006,4.24
1/21/2006,4.24
1/22/2006,4.24
1/23/2006,4.26
1/24/2006,4.28
1/25/2006,4.36
1/26/2006,4.37
1/27/2006,4.42
1/28/2006,4.42
1/29/2006,4.42
1/30/2006,4.48
1/31/2006,4.47
2/1/2006,4.47
2/2/2006,4.48
2/3/2006,4.51
2/4/2006,4.51
2/5/2006,4.51
2/6/2006,4.51
2/7/2006,4.47
2/8/2006,4.48
2/9/2006,4.52
2/10/2006,4.51
2/11/2006,4.51
2/12/2006,4.51
2/13/2006,4.44
2/14/2006,4.45
2/15/2006,4.5
2/16/2006,4.48
2/17/2006,4.48
2/18/2006,4.48
2/19/2006,4.48
2/20/2006,4.48
2/21/2006,4.54
2/22/2006,4.49
2/23/2006,4.47
2/24/2006,4.48
2/25/2006,4.48
2/26/2006,4.48
2/27/2006,4.52
2/28/2006,4.52
3/1/2006,4.52
3/2/2006,4.5
3/3/2006,4.51
3/4/2006,4.51
3/5/2006,4.51
3/6/2006,4.51
3/7/2006,4.51
3/8/2006,4.51
3/9/2006,4.51
3/10/2006,4.51
3/11/2006,4.51
3/12/2006,4.51
3/13/2006,4.52
3/14/2006,4.51
3/15/2006,4.47
3/16/2006,4.55
3/17/2006,4.6
3/18/2006,4.6
3/19/2006,4.6
3/20/2006,4.55
3/21/2006,4.54
3/22/2006,4.58
3/23/2006,4.64
3/24/2006,4.69
3/25/2006,4.69
3/26/2006,4.69
3/27/2006,4.77
3/28/2006,4.7
3/29/2006,4.69
3/30/2006,4.76
3/31/2006,5
4/1/2006,5
4/2/2006,5
4/3/2006,4.87
4/4/2006,4.76
4/5/2006,4.76
4/6/2006,4.76
4/7/2006,4.76
4/8/2006,4.76
4/9/2006,4.76
4/10/2006,4.78
4/11/2006,4.74
4/12/2006,4.78
4/13/2006,4.82
4/14/2006,4.8
4/15/2006,4.8
4/16/2006,4.8
4/17/2006,4.78
4/18/2006,4.72
4/19/2006,4.7
4/20/2006,4.73
4/21/2006,4.74
4/22/2006,4.74
4/23/2006,4.74
4/24/2006,4.77
4/25/2006,4.74
4/26/2006,4.73
4/27/2006,4.79
4/28/2006,4.86
4/29/2006,4.86
4/30/2006,4.86
5/1/2006,4.84
5/2/2006,4.79
5/3/2006,4.81
5/4/2006,4.83
5/5/2006,4.83
5/6/2006,4.83
5/7/2006,4.83
5/8/2006,4.88
5/9/2006,4.78
5/10/2006,4.88
5/11/2006,4.99
5/12/2006,5.01
5/13/2006,5.01
5/14/2006,5.01
5/15/2006,5.01
5/16/2006,4.98
5/17/2006,4.96
5/18/2006,5
5/19/2006,5
5/20/2006,5
5/21/2006,5
5/22/2006,5
5/23/2006,4.94
5/24/2006,4.9
5/25/2006,5.01
5/26/2006,4.99
5/27/2006,4.99
5/28/2006,4.99
5/29/2006,4.99
5/30/2006,5.02
5/31/2006,5.05
6/1/2006,5.02
6/2/2006,4.97
6/3/2006,4.97
6/4/2006,4.97
6/5/2006,5.01
6/6/2006,4.99
6/7/2006,4.99
6/8/2006,5.02
6/9/2006,5
6/10/2006,5
6/11/2006,5
6/12/2006,5.01
6/13/2006,5
6/14/2006,5
6/15/2006,5.02
6/16/2006,4.94
6/17/2006,4.94
6/18/2006,4.94
6/19/2006,4.95
6/20/2006,4.92
6/21/2006,4.91
6/22/2006,4.98
6/23/2006,4.98
6/24/2006,4.98
6/25/2006,4.98
6/26/2006,5.03
6/27/2006,5.02
6/28/2006,5.06
6/29/2006,5.08
6/30/2006,5.05
7/1/2006,5.05
7/2/2006,5.05
7/3/2006,5.25
7/4/2006,5.25
7/5/2006,5.25
7/6/2006,5.24
7/7/2006,5.22
7/8/2006,5.22
7/9/2006,5.22
7/10/2006,5.24
7/11/2006,5.25
7/12/2006,5.27
7/13/2006,5.26
7/14/2006,5.26
7/15/2006,5.26
7/16/2006,5.26
7/17/2006,5.28
7/18/2006,5.22
7/19/2006,5.23
7/20/2006,5.24
7/21/2006,5.23
7/22/2006,5.23
7/23/2006,5.23
7/24/2006,5.24
7/25/2006,5.24
7/26/2006,5.24
7/27/2006,5.27
7/28/2006,5.26
7/29/2006,5.26
7/30/2006,5.26
7/31/2006,5.31
8/1/2006,5.27
8/2/2006,5.25
8/3/2006,5.27
8/4/2006,5.25
8/5/2006,5.25
8/6/2006,5.25
8/7/2006,5.24
8/8/2006,5.26
8/9/2006,5.25
8/10/2006,5.24
8/11/2006,5.24
8/12/2006,5.24
8/13/2006,5.24
8/14/2006,5.26
8/15/2006,5.24
8/16/2006,5.17
8/17/2006,5.2
8/18/2006,5.25
8/19/2006,5.25
8/20/2006,5.25
8/21/2006,5.24
8/22/2006,5.24
8/23/2006,5.25
8/24/2006,5.25
8/25/2006,5.25
8/26/2006,5.25
8/27/2006,5.25
8/28/2006,5.25
8/29/2006,5.23
8/30/2006,5.25
8/31/2006,5.31
9/1/2006,5.25
9/2/2006,5.25
9/3/2006,5.25
9/4/2006,5.25
9/5/2006,5.26
9/6/2006,5.21
9/7/2006,5.23
9/8/2006,5.23
9/9/2006,5.23
9/10/2006,5.23
9/11/2006,5.24
9/12/2006,5.21
9/13/2006,5.26
9/14/2006,5.26
9/15/2006,5.25
9/16/2006,5.25
9/17/2006,5.25
9/18/2006,5.23
9/19/2006,5.21
9/20/2006,5.23
9/21/2006,5.24
9/22/2006,5.27
9/23/2006,5.27
9/24/2006,5.27
9/25/2006,5.3
9/26/2006,5.25
9/27/2006,5.3
9/28/2006,5.28
9/29/2006,5.34
9/30/2006,5.34
10/1/2006,5.34
10/2/2006,5.33
10/3/2006,5.25
10/4/2006,5.23
10/5/2006,5.23
10/6/2006,5.22
10/7/2006,5.22
10/8/2006,5.22
10/9/2006,5.22
10/10/2006,5.28
10/11/2006,5.25
10/12/2006,5.25
10/13/2006,5.21
10/14/2006,5.21
10/15/2006,5.21
10/16/2006,5.28
10/17/2006,5.21
10/18/2006,5.23
10/19/2006,5.22
10/20/2006,5.25
10/21/2006,5.25
10/22/2006,5.25
10/23/2006,5.24
10/24/2006,5.24
10/25/2006,5.26
10/26/2006,5.23
10/27/2006,5.23
10/28/2006,5.23
10/29/2006,5.23
10/30/2006,5.27
10/31/2006,5.31
11/1/2006,5.23
11/2/2006,5.22
11/3/2006,5.25
11/4/2006,5.25
11/5/2006,5.25
11/6/2006,5.24
11/7/2006,5.22
11/8/2006,5.22
11/9/2006,5.23
11/10/2006,5.23
11/11/2006,5.23
11/12/2006,5.23
11/13/2006,5.27
11/14/2006,5.25
11/15/2006,5.29
11/16/2006,5.25
11/17/2006,5.2
11/18/2006,5.2
11/19/2006,5.2
11/20/2006,5.25
11/21/2006,5.29
11/22/2006,5.26
11/23/2006,5.26
11/24/2006,5.24
11/25/2006,5.24
11/26/2006,5.24
11/27/2006,5.32
11/28/2006,5.24
11/29/2006,5.26
11/30/2006,5.31
12/1/2006,5.27
12/2/2006,5.27
12/3/2006,5.27
12/4/2006,5.22
12/5/2006,5.21
12/6/2006,5.22
12/7/2006,5.25
12/8/2006,5.25
12/9/2006,5.25
12/10/2006,5.25
12/11/2006,5.25
12/12/2006,5.23
12/13/2006,5.23
12/14/2006,5.29
12/15/2006,5.27
12/16/2006,5.27
12/17/2006,5.27
12/18/2006,5.21
12/19/2006,5.21
12/20/2006,5.26
12/21/2006,5.25
12/22/2006,5.24
12/23/2006,5.24
12/24/2006,5.24
12/25/2006,5.24
12/26/2006,5.29
12/27/2006,5.17
12/28/2006,5.25
12/29/2006,5.17
12/30/2006,5.17
12/31/2006,5.17
1/1/2007,5.17
1/2/2007,5.3
1/3/2007,5.28
1/4/2007,5.24
1/5/2007,5.21
1/6/2007,5.21
1/7/2007,5.21
1/8/2007,5.23
1/9/2007,5.25
1/10/2007,5.26
1/11/2007,5.27
1/12/2007,5.22
1/13/2007,5.22
1/14/2007,5.22
1/15/2007,5.22
1/16/2007,5.28
1/17/2007,5.25
1/18/2007,5.23
1/19/2007,5.25
1/20/2007,5.25
1/21/2007,5.25
1/22/2007,5.24
1/23/2007,5.26
1/24/2007,5.27
1/25/2007,5.31
1/26/2007,5.26
1/27/2007,5.26
1/28/2007,5.26
1/29/2007,5.26
1/30/2007,5.23
1/31/2007,5.33
2/1/2007,5.29
2/2/2007,5.24
2/3/2007,5.24
2/4/2007,5.24
2/5/2007,5.25
2/6/2007,5.24
2/7/2007,5.23
2/8/2007,5.25
2/9/2007,5.25
2/10/2007,5.25
2/11/2007,5.25
2/12/2007,5.28
2/13/2007,5.26
2/14/2007,5.27
2/15/2007,5.29
2/16/2007,5.24
2/17/2007,5.24
2/18/2007,5.24
2/19/2007,5.24
2/20/2007,5.27
2/21/2007,5.23
2/22/2007,5.26
2/23/2007,5.24
2/24/2007,5.24
2/25/2007,5.24
2/26/2007,5.3
2/27/2007,5.27
2/28/2007,5.41
3/1/2007,5.31
3/2/2007,5.23
3/3/2007,5.23
3/4/2007,5.23
3/5/2007,5.27
3/6/2007,5.22
3/7/2007,5.24
3/8/2007,5.24
3/9/2007,5.24
3/10/2007,5.24
3/11/2007,5.24
3/12/2007,5.25
3/13/2007,5.25
3/14/2007,5.27
3/15/2007,5.29
3/16/2007,5.25
3/17/2007,5.25
3/18/2007,5.25
3/19/2007,5.26
3/20/2007,5.26
3/21/2007,5.26
3/22/2007,5.27
3/23/2007,5.24
3/24/2007,5.24
3/25/2007,5.24
3/26/2007,5.28
3/27/2007,5.25
3/28/2007,5.27
3/29/2007,5.29
3/30/2007,5.3
3/31/2007,5.3
4/1/2007,5.3
4/2/2007,5.25
4/3/2007,5.2
4/4/2007,5.21
4/5/2007,5.3
4/6/2007,5.3
4/7/2007,5.3
4/8/2007,5.3
4/9/2007,5.28
4/10/2007,5.26
4/11/2007,5.24
4/12/2007,5.27
4/13/2007,5.25
4/14/2007,5.25
4/15/2007,5.25
4/16/2007,5.29
4/17/2007,5.2
4/18/2007,5.19
4/19/2007,5.23
4/20/2007,5.25
4/21/2007,5.25
4/22/2007,5.25
4/23/2007,5.23
4/24/2007,5.2
4/25/2007,5.19
4/26/2007,5.24
4/27/2007,5.24
4/28/2007,5.24
4/29/2007,5.24
4/30/2007,5.29
5/1/2007,5.26
5/2/2007,5.21
5/3/2007,5.24
5/4/2007,5.24
5/5/2007,5.24
5/6/2007,5.24
5/7/2007,5.24
5/8/2007,5.21
5/9/2007,5.21
5/10/2007,5.25
5/11/2007,5.27
5/12/2007,5.27
5/13/2007,5.27
5/14/2007,5.26
5/15/2007,5.29
5/16/2007,5.25
5/17/2007,5.25
5/18/2007,5.24
5/19/2007,5.24
5/20/2007,5.24
5/21/2007,5.24
5/22/2007,5.23
5/23/2007,5.25
5/24/2007,5.24
5/25/2007,5.29
5/26/2007,5.29
5/27/2007,5.29
5/28/2007,5.29
5/29/2007,5.29
5/30/2007,5.25
5/31/2007,5.28
6/1/2007,5.23
6/2/2007,5.23
6/3/2007,5.23
6/4/2007,5.24
6/5/2007,5.19
6/6/2007,5.25
6/7/2007,5.25
6/8/2007,5.26
6/9/2007,5.26
6/10/2007,5.26
6/11/2007,5.27
6/12/2007,5.26
6/13/2007,5.26
6/14/2007,5.28
6/15/2007,5.26
6/16/2007,5.26
6/17/2007,5.26
6/18/2007,5.23
6/19/2007,5.21
6/20/2007,5.27
6/21/2007,5.26
6/22/2007,5.24
6/23/2007,5.24
6/24/2007,5.24
6/25/2007,5.29
6/26/2007,5.25
6/27/2007,5.26
6/28/2007,5.26
6/29/2007,5.31
6/30/2007,5.31
7/1/2007,5.31
7/2/2007,5.31
7/3/2007,5.24
7/4/2007,5.24
7/5/2007,5.25
7/6/2007,5.22
7/7/2007,5.22
7/8/2007,5.22
7/9/2007,5.22
7/10/2007,5.24
7/11/2007,5.24
7/12/2007,5.26
7/13/2007,5.25
7/14/2007,5.25
7/15/2007,5.25
7/16/2007,5.32
7/17/2007,5.28
7/18/2007,5.26
7/19/2007,5.25
7/20/2007,5.25
7/21/2007,5.25
7/22/2007,5.25
7/23/2007,5.26
7/24/2007,5.25
7/25/2007,5.32
7/26/2007,5.28
7/27/2007,5.25
7/28/2007,5.25
7/29/2007,5.25
7/30/2007,5.29
7/31/2007,5.28
8/1/2007,5.3
8/2/2007,5.24
8/3/2007,5.24
8/4/2007,5.24
8/5/2007,5.24
8/6/2007,5.26
8/7/2007,5.26
8/8/2007,5.27
8/9/2007,5.41
8/10/2007,4.68
8/11/2007,4.68
8/12/2007,4.68
8/13/2007,4.81
8/14/2007,4.54
8/15/2007,4.71
8/16/2007,4.97
8/17/2007,4.91
8/18/2007,4.91
8/19/2007,4.91
8/20/2007,5.03
8/21/2007,4.89
8/22/2007,4.77
8/23/2007,4.88
8/24/2007,5.11
8/25/2007,5.11
8/26/2007,5.11
8/27/2007,5.27
8/28/2007,5.3
8/29/2007,5
8/30/2007,5
8/31/2007,4.96
9/1/2007,4.96
9/2/2007,4.96
9/3/2007,4.96
9/4/2007,5.22
9/5/2007,5.18
9/6/2007,4.98
9/7/2007,4.86
9/8/2007,4.86
9/9/2007,4.86
9/10/2007,5.07
9/11/2007,5.06
9/12/2007,5.18
9/13/2007,5.09
9/14/2007,5.25
9/15/2007,5.25
9/16/2007,5.25
9/17/2007,5.33
9/18/2007,4.92
9/19/2007,4.74
9/20/2007,4.77
9/21/2007,4.76
9/22/2007,4.76
9/23/2007,4.76
9/24/2007,4.74
9/25/2007,4.82
9/26/2007,4.88
9/27/2007,4.93
9/28/2007,4.58
9/29/2007,4.58
9/30/2007,4.58
10/1/2007,4.92
10/2/2007,4.78
10/3/2007,4.68
10/4/2007,4.74
10/5/2007,4.77
10/6/2007,4.77
10/7/2007,4.77
10/8/2007,4.77
10/9/2007,4.91
10/10/2007,4.52
10/11/2007,4.75
10/12/2007,4.75
10/13/2007,4.75
10/14/2007,4.75
10/15/2007,4.81
10/16/2007,4.68
10/17/2007,4.7
10/18/2007,4.69
10/19/2007,4.77
10/20/2007,4.77
10/21/2007,4.77
10/22/2007,4.71
10/23/2007,4.67
10/24/2007,4.74
10/25/2007,4.86
10/26/2007,4.8
10/27/2007,4.8
10/28/2007,4.8
10/29/2007,4.84
10/30/2007,4.78
10/31/2007,4.6
11/1/2007,4.59
11/2/2007,4.28
11/3/2007,4.28
11/4/2007,4.28
11/5/2007,4.29
11/6/2007,4.22
11/7/2007,4.39
11/8/2007,4.58
11/9/2007,4.49
11/10/2007,4.49
11/11/2007,4.49
11/12/2007,4.49
11/13/2007,4.61
11/14/2007,4.6
11/15/2007,4.54
11/16/2007,4.51
11/17/2007,4.51
11/18/2007,4.51
11/19/2007,4.51
11/20/2007,4.51
11/21/2007,4.5
11/22/2007,4.5
11/23/2007,4.56
11/24/2007,4.56
11/25/2007,4.56
11/26/2007,4.62
11/27/2007,4.39
11/28/2007,4.53
11/29/2007,4.55
11/30/2007,4.66
12/1/2007,4.66
12/2/2007,4.66
12/3/2007,4.52
12/4/2007,4.5
12/5/2007,4.31
12/6/2007,4.49
12/7/2007,4.41
12/8/2007,4.41
12/9/2007,4.41
12/10/2007,4.46
12/11/2007,4.29
12/12/2007,4.28
12/13/2007,4.3
12/14/2007,4.24
12/15/2007,4.24
12/16/2007,4.24
12/17/2007,4.31
12/18/2007,4.16
12/19/2007,3.98
12/20/2007,4.37
12/21/2007,4.28
12/22/2007,4.28
12/23/2007,4.28
12/24/2007,4
12/25/2007,4
12/26/2007,4.26
12/27/2007,4.15
12/28/2007,4.01
12/29/2007,4.01
12/30/2007,4.01
12/31/2007,3.06
1/1/2008,3.06
1/2/2008,4.11
1/3/2008,4.25
1/4/2008,4.18
1/5/2008,4.18
1/6/2008,4.18
1/7/2008,4.27
1/8/2008,4.27
1/9/2008,4.26
1/10/2008,4.26
1/11/2008,4.23
1/12/2008,4.23
1/13/2008,4.23
1/14/2008,4.24
1/15/2008,4.24
1/16/2008,4.22
1/17/2008,4.23
1/18/2008,4.17
1/19/2008,4.17
1/20/2008,4.17
1/21/2008,4.17
1/22/2008,3.68
1/23/2008,3.43
1/24/2008,3.47
1/25/2008,3.6
1/26/2008,3.6
1/27/2008,3.6
1/28/2008,3.5
1/29/2008,3.47
1/30/2008,3.26
1/31/2008,3.22
2/1/2008,3.12
2/2/2008,3.12
2/3/2008,3.12
2/4/2008,2.82
2/5/2008,2.71
2/6/2008,2.94
2/7/2008,3.03
2/8/2008,3.05
2/9/2008,3.05
2/10/2008,3.05
2/11/2008,2.88
2/12/2008,2.91
2/13/2008,3.02
2/14/2008,3.03
2/15/2008,2.97
2/16/2008,2.97
2/17/2008,2.97
2/18/2008,2.97
2/19/2008,2.94
2/20/2008,3
2/21/2008,3.01
2/22/2008,2.97
2/23/2008,2.97
2/24/2008,2.97
2/25/2008,3
2/26/2008,2.85
2/27/2008,2.93
2/28/2008,3.06
2/29/2008,3.01
3/1/2008,3.01
3/2/2008,3.01
3/3/2008,3.1
3/4/2008,2.9
3/5/2008,2.93
3/6/2008,2.99
3/7/2008,2.96
3/8/2008,2.96
3/9/2008,2.96
3/10/2008,2.99
3/11/2008,2.95
3/12/2008,2.97
3/13/2008,2.98
3/14/2008,2.99
3/15/2008,2.99
3/16/2008,2.99
3/17/2008,2.69
3/18/2008,2.16
3/19/2008,2.08
3/20/2008,2.22
3/21/2008,2.08
3/22/2008,2.08
3/23/2008,2.08
3/24/2008,2.08
3/25/2008,2.42
3/26/2008,2.3
3/27/2008,2.27
3/28/2008,2.09
3/29/2008,2.09
3/30/2008,2.09
3/31/2008,2.51
4/1/2008,2.38
4/2/2008,2.18
4/3/2008,2.19
4/4/2008,2.26
4/5/2008,2.26
4/6/2008,2.26
4/7/2008,2.24
4/8/2008,2.23
4/9/2008,2.2
4/10/2008,2.3
4/11/2008,2.37
4/12/2008,2.37
4/13/2008,2.37
4/14/2008,2.32
4/15/2008,2.32
4/16/2008,2.35
4/17/2008,2.37
4/18/2008,2.32
4/19/2008,2.32
4/20/2008,2.32
4/21/2008,2.28
4/22/2008,1.99
4/23/2008,2.18
4/24/2008,2.26
4/25/2008,2.28
4/26/2008,2.28
4/27/2008,2.28
4/28/2008,2.29
4/29/2008,2.21
4/30/2008,2.37
5/1/2008,2.16
5/2/2008,1.88
5/3/2008,1.88
5/4/2008,1.88
5/5/2008,1.85
5/6/2008,1.91
5/7/2008,2.01
5/8/2008,1.99
5/9/2008,1.97
5/10/2008,1.97
5/11/2008,1.97
5/12/2008,1.88
5/13/2008,1.93
5/14/2008,2.03
5/15/2008,2.03
5/16/2008,1.91
5/17/2008,1.91
5/18/2008,1.91
5/19/2008,1.95
5/20/2008,1.99
5/21/2008,2.03
5/22/2008,2.05
5/23/2008,1.99
5/24/2008,1.99
5/25/2008,1.99
5/26/2008,1.99
5/27/2008,2.23
5/28/2008,2.08
5/29/2008,2.01
5/30/2008,1.98
5/31/2008,1.98
6/1/2008,1.98
6/2/2008,2.06
6/3/2008,1.95
6/4/2008,1.98
6/5/2008,1.98
6/6/2008,2.01
6/7/2008,2.01
6/8/2008,2.01
6/9/2008,2.02
6/10/2008,1.96
6/11/2008,1.95
6/12/2008,2.01
6/13/2008,2.02
6/14/2008,2.02
6/15/2008,2.02
6/16/2008,2.06
6/17/2008,1.87
6/18/2008,1.84
6/19/2008,1.94
6/20/2008,1.99
6/21/2008,1.99
6/22/2008,1.99
6/23/2008,1.98
6/24/2008,1.93
6/25/2008,1.97
6/26/2008,2.05
6/27/2008,1.99
6/28/2008,1.99
6/29/2008,1.99
6/30/2008,2.47
7/1/2008,2.11
7/2/2008,1.95
7/3/2008,1.92
7/4/2008,1.92
7/5/2008,1.92
7/6/2008,1.92
7/7/2008,1.99
7/8/2008,1.97
7/9/2008,1.99
7/10/2008,2.01
7/11/2008,1.97
7/12/2008,1.97
7/13/2008,1.97
7/14/2008,2.06
7/15/2008,2.16
7/16/2008,1.95
7/17/2008,2.03
7/18/2008,1.96
7/19/2008,1.96
7/20/2008,1.96
7/21/2008,1.98
7/22/2008,1.97
7/23/2008,2.04
7/24/2008,2.06
7/25/2008,2.13
7/26/2008,2.13
7/27/2008,2.13
7/28/2008,2
7/29/2008,2.05
7/30/2008,2.03
7/31/2008,2.09
8/1/2008,2.04
8/2/2008,2.04
8/3/2008,2.04
8/4/2008,1.97
8/5/2008,1.97
8/6/2008,2.01
8/7/2008,1.96
8/8/2008,2.01
8/9/2008,2.01
8/10/2008,2.01
8/11/2008,1.99
8/12/2008,1.95
8/13/2008,1.98
8/14/2008,2.09
8/15/2008,2.08
8/16/2008,2.08
8/17/2008,2.08
8/18/2008,1.91
8/19/2008,1.94
8/20/2008,1.98
8/21/2008,2.01
8/22/2008,2.02
8/23/2008,2.02
8/24/2008,2.02
8/25/2008,2.01
8/26/2008,1.88
8/27/2008,1.98
8/28/2008,1.99
8/29/2008,1.94
8/30/2008,1.94
8/31/2008,1.94
9/1/2008,1.94
9/2/2008,1.96
9/3/2008,2.01
9/4/2008,1.99
9/5/2008,1.97
9/6/2008,1.97
9/7/2008,1.97
9/8/2008,1.92
9/9/2008,1.96
9/10/2008,2.12
9/11/2008,2
9/12/2008,2.1
9/13/2008,2.1
9/14/2008,2.1
9/15/2008,2.64
9/16/2008,1.98
9/17/2008,2.8
9/18/2008,2.16
9/19/2008,1.48
9/20/2008,1.48
9/21/2008,1.48
9/22/2008,1.51
9/23/2008,1.46
9/24/2008,1.19
9/25/2008,1.23
9/26/2008,1.08
9/27/2008,1.08
9/28/2008,1.08
9/29/2008,1.56
9/30/2008,2.03
10/1/2008,1.15
10/2/2008,0.67
10/3/2008,1.1
10/4/2008,1.1
10/5/2008,1.1
10/6/2008,1.96
10/7/2008,2.97
10/8/2008,2.24
10/9/2008,1.4
10/10/2008,0.79
10/11/2008,0.79
10/12/2008,0.79
10/13/2008,0.79
10/14/2008,1.1
10/15/2008,1.04
10/16/2008,0.83
10/17/2008,0.6
10/18/2008,0.6
10/19/2008,0.6
10/20/2008,0.7
10/21/2008,0.67
10/22/2008,0.81
10/23/2008,0.93
10/24/2008,0.95
10/25/2008,0.95
10/26/2008,0.95
10/27/2008,0.92
10/28/2008,0.67
10/29/2008,0.36
10/30/2008,0.3
10/31/2008,0.22
11/1/2008,0.22
11/2/2008,0.22
11/3/2008,0.23
11/4/2008,0.23
11/5/2008,0.23
11/6/2008,0.23
11/7/2008,0.27
11/8/2008,0.27
11/9/2008,0.27
11/10/2008,0.29
11/11/2008,0.29
11/12/2008,0.35
11/13/2008,0.35
11/14/2008,0.34
11/15/2008,0.34
11/16/2008,0.34
11/17/2008,0.37
11/18/2008,0.38
11/19/2008,0.38
11/20/2008,0.49
11/21/2008,0.57
11/22/2008,0.57
11/23/2008,0.57
11/24/2008,0.62
11/25/2008,0.59
11/26/2008,0.53
11/27/2008,0.53
11/28/2008,0.52
11/29/2008,0.52
11/30/2008,0.52
12/1/2008,0.52
12/2/2008,0.47
12/3/2008,0.36
12/4/2008,0.2
12/5/2008,0.12
12/6/2008,0.12
12/7/2008,0.12
12/8/2008,0.12
12/9/2008,0.13
12/10/2008,0.11
12/11/2008,0.14
12/12/2008,0.15
12/13/2008,0.15
12/14/2008,0.15
12/15/2008,0.18
12/16/2008,0.17
12/17/2008,0.12
12/18/2008,0.11
12/19/2008,0.11
12/20/2008,0.11
12/21/2008,0.11
12/22/2008,0.11
12/23/2008,0.11
12/24/2008,0.11
12/25/2008,0.11
12/26/2008,0.09
12/27/2008,0.09
12/28/2008,0.09
12/29/2008,0.1
12/30/2008,0.09
12/31/2008,0.14
11/1/2016,0.41
11/2/2016,0.41
11/3/2016,0.41
11/4/2016,0.41
11/5/2016,0.41
11/6/2016,0.41
11/7/2016,0.41
11/8/2016,0.41
11/9/2016,0.41
11/10/2016,0.41
11/11/2016,0.41
11/12/2016,0.41
11/13/2016,0.41
11/14/2016,0.41
11/15/2016,0.41
11/16/2016,0.41
11/17/2016,0.41
11/18/2016,0.41
11/19/2016,0.41
11/20/2016,0.41
11/21/2016,0.41
11/22/2016,0.41
11/23/2016,0.41
11/24/2016,0.41
11/25/2016,0.41
11/26/2016,0.41
11/27/2016,0.41
11/28/2016,0.41
11/29/2016,0.41
11/30/2016,0.31
12/1/2016,0.41
12/2/2016,0.41
12/3/2016,0.41
12/4/2016,0.41
12/5/2016,0.41
12/6/2016,0.41
12/7/2016,0.41
12/8/2016,0.41
12/9/2016,0.41
12/10/2016,0.41
12/11/2016,0.41
12/12/2016,0.41
12/13/2016,0.41
12/14/2016,0.41
12/15/2016,0.66
12/16/2016,0.66
12/17/2016,0.66
12/18/2016,0.66
12/19/2016,0.66
12/20/2016,0.66
12/21/2016,0.66
12/22/2016,0.66
12/23/2016,0.66
12/24/2016,0.66
12/25/2016,0.66
12/26/2016,0.66
12/27/2016,0.66
12/28/2016,0.66
12/29/2016,0.66
12/30/2016,0.55
12/31/2016,0.55
1/1/2017,0.55
1/2/2017,0.55
1/3/2017,0.66
1/4/2017,0.66
1/5/2017,0.66
1/6/2017,0.66
1/7/2017,0.66
1/8/2017,0.66
1/9/2017,0.66
1/10/2017,0.66
1/11/2017,0.66
1/12/2017,0.66
1/13/2017,0.66
1/14/2017,0.66
1/15/2017,0.66
1/16/2017,0.66
1/17/2017,0.66
1/18/2017,0.66
1/19/2017,0.66
1/20/2017,0.66
1/21/2017,0.66
1/22/2017,0.66
1/23/2017,0.66
1/24/2017,0.66
1/25/2017,0.66
1/26/2017,0.66
1/27/2017,0.66
1/28/2017,0.66
1/29/2017,0.66
1/30/2017,0.66
1/31/2017,0.56
2/1/2017,0.66
2/2/2017,0.66
2/3/2017,0.66
2/4/2017,0.66
2/5/2017,0.66
2/6/2017,0.66
2/7/2017,0.66
2/8/2017,0.66
2/9/2017,0.66
2/10/2017,0.66
2/11/2017,0.66
2/12/2017,0.66
2/13/2017,0.66
2/14/2017,0.66
2/15/2017,0.66
2/16/2017,0.66
2/17/2017,0.66
2/18/2017,0.66
2/19/2017,0.66
2/20/2017,0.66
2/21/2017,0.66
2/22/2017,0.66
2/23/2017,0.66
2/24/2017,0.66
2/25/2017,0.66
2/26/2017,0.66
2/27/2017,0.66
2/28/2017,0.57
3/1/2017,0.66
3/2/2017,0.66
3/3/2017,0.66
3/4/2017,0.66
3/5/2017,0.66
3/6/2017,0.66
3/7/2017,0.66
3/8/2017,0.66
3/9/2017,0.66
3/10/2017,0.66
3/11/2017,0.66
3/12/2017,0.66
3/13/2017,0.66
3/14/2017,0.66
3/15/2017,0.66
3/16/2017,0.91
3/17/2017,0.91
3/18/2017,0.91
3/19/2017,0.91
3/20/2017,0.91
3/21/2017,0.91
3/22/2017,0.91
3/23/2017,0.91
3/24/2017,0.91
3/25/2017,0.91
3/26/2017,0.91
3/27/2017,0.91
3/28/2017,0.91
3/29/2017,0.91
3/30/2017,0.91
3/31/2017,0.82
4/1/2017,0.82
4/2/2017,0.82
4/3/2017,0.91
4/4/2017,0.91
4/5/2017,0.91
4/6/2017,0.91
4/7/2017,0.91
4/8/2017,0.91
4/9/2017,0.91
4/10/2017,0.91
4/11/2017,0.91
4/12/2017,0.91
4/13/2017,0.91
4/14/2017,0.91
4/15/2017,0.91
4/16/2017,0.91
4/17/2017,0.91
4/18/2017,0.91
4/19/2017,0.91
4/20/2017,0.91
4/21/2017,0.91
4/22/2017,0.91
4/23/2017,0.91
4/24/2017,0.91
4/25/2017,0.91
4/26/2017,0.91
4/27/2017,0.91
4/28/2017,0.83
4/29/2017,0.83
4/30/2017,0.83
5/1/2017,0.91
5/2/2017,0.91
5/3/2017,0.91
5/4/2017,0.91
5/5/2017,0.91
5/6/2017,0.91
5/7/2017,0.91
5/8/2017,0.91
5/9/2017,0.91
5/10/2017,0.91
5/11/2017,0.91
5/12/2017,0.91
5/13/2017,0.91
5/14/2017,0.91
5/15/2017,0.91
5/16/2017,0.91
5/17/2017,0.91
5/18/2017,0.91
5/19/2017,0.91
5/20/2017,0.91
5/21/2017,0.91
5/22/2017,0.91
5/23/2017,0.91
5/24/2017,0.91
5/25/2017,0.91
5/26/2017,0.91
5/27/2017,0.91
5/28/2017,0.91
5/29/2017,0.91
5/30/2017,0.91
5/31/2017,0.83
6/1/2017,0.91
6/2/2017,0.91
6/3/2017,0.91
6/4/2017,0.91
6/5/2017,0.91
6/6/2017,0.91
6/7/2017,0.91
6/8/2017,0.91
6/9/2017,0.91
6/10/2017,0.91
6/11/2017,0.91
6/12/2017,0.91
6/13/2017,0.91
6/14/2017,0.91
6/15/2017,1.16
6/16/2017,1.16
6/17/2017,1.16
6/18/2017,1.16
6/19/2017,1.16
6/20/2017,1.16
6/21/2017,1.16
6/22/2017,1.16
6/23/2017,1.16
6/24/2017,1.16
6/25/2017,1.16
6/26/2017,1.16
6/27/2017,1.16
6/28/2017,1.16
6/29/2017,1.16
6/30/2017,1.06
7/1/2017,1.06
7/2/2017,1.06
7/3/2017,1.16
7/4/2017,1.16
7/5/2017,1.16
7/6/2017,1.16
7/7/2017,1.16
7/8/2017,1.16
7/9/2017,1.16
7/10/2017,1.16
7/11/2017,1.16
7/12/2017,1.16
7/13/2017,1.16
7/14/2017,1.16
7/15/2017,1.16
7/16/2017,1.16
7/17/2017,1.16
7/18/2017,1.16
7/19/2017,1.16
7/20/2017,1.16
7/21/2017,1.16
7/22/2017,1.16
7/23/2017,1.16
7/24/2017,1.16
7/25/2017,1.16
7/26/2017,1.16
7/27/2017,1.16
7/28/2017,1.16
7/29/2017,1.16
7/30/2017,1.16
7/31/2017,1.07
8/1/2017,1.16
8/2/2017,1.16
8/3/2017,1.16
8/4/2017,1.16
8/5/2017,1.16
8/6/2017,1.16
8/7/2017,1.16
8/8/2017,1.16
8/9/2017,1.16
8/10/2017,1.16
8/11/2017,1.16
8/12/2017,1.16
8/13/2017,1.16
8/14/2017,1.16
8/15/2017,1.16
8/16/2017,1.16
8/17/2017,1.16
8/18/2017,1.16
8/19/2017,1.16
8/20/2017,1.16
8/21/2017,1.16
8/22/2017,1.16
8/23/2017,1.16
8/24/2017,1.16
8/25/2017,1.16
8/26/2017,1.16
8/27/2017,1.16
8/28/2017,1.16
8/29/2017,1.16
8/30/2017,1.16
8/31/2017,1.07
9/1/2017,1.16
9/2/2017,1.16
9/3/2017,1.16
9/4/2017,1.16
9/5/2017,1.16
9/6/2017,1.16
9/7/2017,1.16
9/8/2017,1.16
9/9/2017,1.16
9/10/2017,1.16
9/11/2017,1.16
9/12/2017,1.16
9/13/2017,1.16
9/14/2017,1.16
9/15/2017,1.16
9/16/2017,1.16
9/17/2017,1.16
9/18/2017,1.16
9/19/2017,1.16
9/20/2017,1.16
9/21/2017,1.16
9/22/2017,1.16
9/23/2017,1.16
9/24/2017,1.16
9/25/2017,1.16
9/26/2017,1.16
9/27/2017,1.16
9/28/2017,1.16
9/29/2017,1.06
9/30/2017,1.06
10/1/2017,1.06
10/2/2017,1.16
10/3/2017,1.16
10/4/2017,1.16
10/5/2017,1.16
10/6/2017,1.16
10/7/2017,1.16
10/8/2017,1.16
10/9/2017,1.16
10/10/2017,1.16
10/11/2017,1.16
10/12/2017,1.16
10/13/2017,1.16
10/14/2017,1.16
10/15/2017,1.16
10/16/2017,1.16
10/17/2017,1.16
10/18/2017,1.16
10/19/2017,1.16
10/20/2017,1.16
10/21/2017,1.16
10/22/2017,1.16
10/23/2017,1.16
10/24/2017,1.16
10/25/2017,1.16
10/26/2017,1.16
10/27/2017,1.16
10/28/2017,1.16
10/29/2017,1.16
10/30/2017,1.16
10/31/2017,1.07
11/1/2017,1.16
11/2/2017,1.16
11/3/2017,1.16
11/4/2017,1.16
11/5/2017,1.16
11/6/2017,1.16
11/7/2017,1.16
11/8/2017,1.16
11/9/2017,1.16
11/10/2017,1.16
11/11/2017,1.16
11/12/2017,1.16
11/13/2017,1.16
11/14/2017,1.16
11/15/2017,1.16
11/16/2017,1.16
11/17/2017,1.16
11/18/2017,1.16
11/19/2017,1.16
11/20/2017,1.16
11/21/2017,1.16
11/22/2017,1.16
11/24/2017,1.16
11/25/2017,1.16
11/26/2017,1.16
11/27/2017,1.16
11/28/2017,1.16
11/29/2017,1.16
11/30/2017,1.07
12/1/2017,1.16
12/2/2017,1.16
12/3/2017,1.16
12/4/2017,1.16
12/5/2017,1.16
12/6/2017,1.16
12/7/2017,1.16
12/8/2017,1.16
12/9/2017,1.16
12/10/2017,1.16
12/11/2017,1.16
12/12/2017,1.17
12/13/2017,1.17
12/14/2017,1.41
12/15/2017,1.41
12/16/2017,1.41
12/17/2017,1.41
12/18/2017,1.42
12/19/2017,1.42
12/20/2017,1.42
12/21/2017,1.42
12/22/2017,1.42
12/23/2017,1.42
12/24/2017,1.42
12/26/2017,1.42
12/27/2017,1.42
12/28/2017,1.42
12/29/2017,1.33
12/30/2017,1.33
12/31/2017,1.33
1/2/2018,1.42
1/3/2018,1.42
1/4/2018,1.42
1/5/2018,1.42
1/6/2018,1.42
1/7/2018,1.42
1/8/2018,1.42
1/9/2018,1.42
1/10/2018,1.42
1/11/2018,1.42
1/12/2018,1.42
1/13/2018,1.42
1/14/2018,1.42
1/16/2018,1.42
1/17/2018,1.42
1/18/2018,1.42
1/19/2018,1.42
1/20/2018,1.42
1/21/2018,1.42
1/22/2018,1.42
1/23/2018,1.42
1/24/2018,1.42
1/25/2018,1.42
1/26/2018,1.42
1/27/2018,1.42
1/28/2018,1.42
1/29/2018,1.42
1/30/2018,1.42
1/31/2018,1.34
2/1/2018,1.42
2/2/2018,1.42
2/3/2018,1.42
2/4/2018,1.42
2/5/2018,1.42
2/6/2018,1.42
2/7/2018,1.42
2/8/2018,1.42
2/9/2018,1.42
2/10/2018,1.42
2/11/2018,1.42
2/12/2018,1.42
2/13/2018,1.42
2/14/2018,1.42
2/15/2018,1.42
2/16/2018,1.42
2/17/2018,1.42
2/18/2018,1.42
2/20/2018,1.42
2/21/2018,1.42
2/22/2018,1.42
2/23/2018,1.42
2/24/2018,1.42
2/25/2018,1.42
2/26/2018,1.42
2/27/2018,1.42
2/28/2018,1.35
3/1/2018,1.42
3/2/2018,1.42
3/3/2018,1.42
3/4/2018,1.42
3/5/2018,1.42
3/6/2018,1.42
3/7/2018,1.42
3/8/2018,1.42
3/9/2018,1.42
3/10/2018,1.42
3/11/2018,1.42
3/12/2018,1.42
3/13/2018,1.42
3/14/2018,1.42
3/15/2018,1.43
3/16/2018,1.43
3/17/2018,1.43
3/18/2018,1.43
3/19/2018,1.43
3/20/2018,1.44
3/21/2018,1.44
3/22/2018,1.68
3/23/2018,1.68
3/24/2018,1.68
3/25/2018,1.68
3/26/2018,1.68
3/27/2018,1.68
3/28/2018,1.68
3/29/2018,1.68
3/30/2018,1.67
3/31/2018,1.67
4/1/2018,1.67
4/2/2018,1.68
4/3/2018,1.69
4/4/2018,1.69
4/5/2018,1.69
4/6/2018,1.69
4/7/2018,1.69
4/8/2018,1.69
4/9/2018,1.69
4/10/2018,1.69
4/11/2018,1.69
4/12/2018,1.69
4/13/2018,1.69
4/14/2018,1.69
4/15/2018,1.69
4/16/2018,1.69
4/17/2018,1.69
4/18/2018,1.69
4/19/2018,1.69
4/20/2018,1.7
4/21/2018,1.7
4/22/2018,1.7
4/23/2018,1.7
4/24/2018,1.7
4/25/2018,1.7
4/26/2018,1.7
4/27/2018,1.7
4/28/2018,1.7
4/29/2018,1.7
4/30/2018,1.69
5/1/2018,1.7
5/2/2018,1.7
5/3/2018,1.7
5/4/2018,1.7
5/5/2018,1.7
5/6/2018,1.7
5/7/2018,1.7
5/8/2018,1.7
5/9/2018,1.7
5/10/2018,1.7
5/11/2018,1.7
5/12/2018,1.7
5/13/2018,1.7
5/14/2018,1.7
5/15/2018,1.7
5/16/2018,1.7
5/17/2018,1.7
5/18/2018,1.7
5/19/2018,1.7
5/20/2018,1.7
5/21/2018,1.7
5/22/2018,1.7
5/23/2018,1.7
5/24/2018,1.7
5/25/2018,1.7
5/26/2018,1.7
5/27/2018,1.7
5/29/2018,1.7
5/30/2018,1.7
5/31/2018,1.7
6/1/2018,1.7
6/2/2018,1.7
6/3/2018,1.7
6/4/2018,1.7
6/5/2018,1.7
6/6/2018,1.7
6/7/2018,1.7
6/8/2018,1.7
6/9/2018,1.7
6/10/2018,1.7
6/11/2018,1.7
6/12/2018,1.7
6/13/2018,1.7
6/14/2018,1.9
6/15/2018,1.9
6/18/2018,1.9
6/19/2018,1.91
6/20/2018,1.92
6/21/2018,1.92
6/22/2018,1.92
6/25/2018,1.92
6/26/2018,1.92
6/27/2018,1.91
6/28/2018,1.91
6/29/2018,1.91
7/2/2018,1.91
7/3/2018,1.91
7/5/2018,1.91
7/6/2018,1.91
7/9/2018,1.91
7/10/2018,1.91
7/11/2018,1.91
7/12/2018,1.91
7/13/2018,1.91
7/16/2018,1.91
7/17/2018,1.91
7/18/2018,1.91
7/19/2018,1.91
7/20/2018,1.91
7/23/2018,1.91
7/24/2018,1.91
7/25/2018,1.91
7/26/2018,1.91
7/27/2018,1.91
7/30/2018,1.91
7/31/2018,1.91
8/1/2018,1.91
8/2/2018,1.91
8/3/2018,1.91
8/6/2018,1.91
8/7/2018,1.91
8/8/2018,1.91
8/9/2018,1.91
8/10/2018,1.91
8/13/2018,1.91
8/14/2018,1.91
8/15/2018,1.91
8/16/2018,1.92
8/17/2018,1.92
8/20/2018,1.92
8/21/2018,1.92
8/22/2018,1.92
8/23/2018,1.92
8/24/2018,1.92
8/27/2018,1.92
8/28/2018,1.92
8/29/2018,1.92
8/30/2018,1.92
8/31/2018,1.91
9/4/2018,1.92
9/5/2018,1.92
9/6/2018,1.92
9/7/2018,1.92
9/10/2018,1.92
9/11/2018,1.92
9/12/2018,1.92
9/13/2018,1.92
9/14/2018,1.92
9/17/2018,1.92
9/18/2018,1.92
9/19/2018,1.92
9/20/2018,1.92
9/21/2018,1.92
9/24/2018,1.93
9/25/2018,1.93
9/26/2018,1.93
9/27/2018,2.18
9/28/2018,2.18
10/1/2018,2.18
10/2/2018,2.18
10/3/2018,2.18
10/4/2018,2.18
10/5/2018,2.18
10/9/2018,2.18
10/10/2018,2.18
10/11/2018,2.18
10/12/2018,2.18
10/15/2018,2.18
10/16/2018,2.18
10/17/2018,2.19
10/18/2018,2.19
10/19/2018,2.19
10/22/2018,2.19
10/23/2018,2.2
10/24/2018,2.2
10/25/2018,2.2
10/26/2018,2.2
10/29/2018,2.2
10/30/2018,2.2
10/31/2018,2.2
11/1/2018,2.2
11/2/2018,2.19
11/5/2018,2.2
11/6/2018,2.2
11/7/2018,2.2
11/8/2018,2.2
11/9/2018,2.19
11/13/2018,2.2
11/14/2018,2.2
11/15/2018,2.2
11/16/2018,2.2
11/19/2018,2.2
11/20/2018,2.2
11/21/2018,2.2
11/23/2018,2.2
11/26/2018,2.2
11/27/2018,2.2
11/28/2018,2.2
11/29/2018,2.2
11/30/2018,2.2
12/3/2018,2.19
12/4/2018,2.2
12/5/2018,2.2
12/6/2018,2.2
12/7/2018,2.19
12/10/2018,2.2
12/11/2018,2.19
12/12/2018,2.19
12/13/2018,2.19
12/14/2018,2.19
12/17/2018,2.2
12/18/2018,2.2
12/19/2018,2.2
12/20/2018,2.4
12/21/2018,2.4
12/24/2018,2.4
12/26/2018,2.4
12/27/2018,2.4
12/28/2018,2.4
12/31/2018,2.4
1/2/2019,2.4
1/3/2019,2.4
1/4/2019,2.4
1/7/2019,2.4
1/8/2019,2.4
1/9/2019,2.4
1/10/2019,2.4
1/11/2019,2.4
1/14/2019,2.4
1/15/2019,2.4
1/16/2019,2.4
1/17/2019,2.4
1/18/2019,2.4
1/22/2019,2.4
1/23/2019,2.4
1/24/2019,2.4
1/25/2019,2.4
1/28/2019,2.4
1/29/2019,2.4
1/30/2019,2.4
1/31/2019,2.4
2/1/2019,2.4
2/4/2019,2.4
2/5/2019,2.4
2/6/2019,2.4
2/7/2019,2.4
2/8/2019,2.4
2/11/2019,2.4
2/12/2019,2.4
2/13/2019,2.4
2/14/2019,2.4
2/15/2019,2.4
2/19/2019,2.4
2/20/2019,2.4
2/21/2019,2.4
2/22/2019,2.4
2/25/2019,2.4
2/26/2019,2.4
2/27/2019,2.4
2/28/2019,2.4
3/1/2019,2.4
3/4/2019,2.4
3/5/2019,2.4
3/6/2019,2.4
3/7/2019,2.4
3/8/2019,2.4
3/11/2019,2.4
3/12/2019,2.4
3/13/2019,2.4
3/14/2019,2.4
3/15/2019,2.4
3/18/2019,2.4
3/19/2019,2.4
3/20/2019,2.41
3/21/2019,2.41
3/22/2019,2.41
3/25/2019,2.4
3/26/2019,2.4
3/27/2019,2.41
3/28/2019,2.41
3/29/2019,2.43
4/1/2019,2.41
4/2/2019,2.41
4/3/2019,2.41
4/4/2019,2.41
4/5/2019,2.41
4/8/2019,2.41
4/9/2019,2.41
4/10/2019,2.41
4/11/2019,2.41
4/12/2019,2.41
4/15/2019,2.41
4/16/2019,2.41
4/17/2019,2.42
4/18/2019,2.43
4/19/2019,2.44
4/22/2019,2.44
4/23/2019,2.44
4/24/2019,2.44
4/25/2019,2.44
4/26/2019,2.44
4/29/2019,2.45
4/30/2019,2.45
5/1/2019,2.45
5/2/2019,2.41
5/3/2019,2.4
5/6/2019,2.4
5/7/2019,2.4
5/8/2019,2.39
5/9/2019,2.38
5/10/2019,2.38
5/13/2019,2.38
5/14/2019,2.38
5/15/2019,2.4
5/16/2019,2.39
5/17/2019,2.39
5/20/2019,2.39
5/21/2019,2.39
5/22/2019,2.38
5/23/2019,2.38
5/24/2019,2.38
5/28/2019,2.39
5/29/2019,2.39
5/30/2019,2.39
5/31/2019,2.4
6/3/2019,2.38
6/4/2019,2.38
6/5/2019,2.38
6/6/2019,2.37
6/7/2019,2.37
6/10/2019,2.37
6/11/2019,2.37
6/12/2019,2.37
6/13/2019,2.37
6/14/2019,2.36
6/17/2019,2.38
6/18/2019,2.37
6/19/2019,2.37
6/20/2019,2.37
6/21/2019,2.38
6/24/2019,2.38
6/25/2019,2.38
6/26/2019,2.38
6/27/2019,2.38
6/28/2019,2.4
7/1/2019,2.39
7/2/2019,2.4
7/3/2019,2.41
7/5/2019,2.42
7/8/2019,2.41
7/9/2019,2.41
7/10/2019,2.41
7/11/2019,2.4
7/12/2019,2.38
7/15/2019,2.4
7/16/2019,2.41
7/17/2019,2.41
7/18/2019,2.41
7/19/2019,2.41
7/22/2019,2.4
7/23/2019,2.4
7/24/2019,2.4
7/25/2019,2.4
7/26/2019,2.4
7/29/2019,2.4
7/30/2019,2.39
7/31/2019,2.4
8/1/2019,2.14
8/2/2019,2.14
8/5/2019,2.13
8/6/2019,2.13
8/7/2019,2.12
8/8/2019,2.12
8/9/2019,2.12
8/12/2019,2.12
8/13/2019,2.12
8/14/2019,2.12
8/15/2019,2.13
8/16/2019,2.13
8/19/2019,2.13
8/20/2019,2.13
8/21/2019,2.12
8/22/2019,2.12
8/23/2019,2.12
8/26/2019,2.12
8/27/2019,2.12
8/28/2019,2.12
8/29/2019,2.12
8/30/2019,2.13
9/3/2019,2.13
9/4/2019,2.13
9/5/2019,2.13
9/6/2019,2.12
9/9/2019,2.13
9/10/2019,2.13
9/11/2019,2.13
9/12/2019,2.13
9/13/2019,2.14
9/16/2019,2.25
9/17/2019,2.3
9/18/2019,2.25
9/19/2019,1.9
9/20/2019,1.9
9/23/2019,1.9
9/24/2019,1.9
9/25/2019,1.9
9/26/2019,1.85
9/27/2019,1.83
9/30/2019,1.9
10/1/2019,1.88
10/2/2019,1.85
10/3/2019,1.83
10/4/2019,1.82
10/7/2019,1.82
10/8/2019,1.82
10/9/2019,1.82
10/10/2019,1.82
10/11/2019,1.82
10/15/2019,1.9
10/16/2019,1.9
10/17/2019,1.85
10/18/2019,1.85
10/21/2019,1.85
10/22/2019,1.85
10/23/2019,1.85
10/24/2019,1.85
10/25/2019,1.83
10/28/2019,1.83
10/29/2019,1.82
10/30/2019,1.82
10/31/2019,1.58
11/1/2019,1.57
11/4/2019,1.56
11/5/2019,1.56
11/6/2019,1.55
11/7/2019,1.55
11/8/2019,1.55
11/12/2019,1.55
11/13/2019,1.55
11/14/2019,1.55
11/15/2019,1.55
11/18/2019,1.55
11/19/2019,1.55
11/20/2019,1.55
11/21/2019,1.55
11/22/2019,1.55
11/25/2019,1.55
11/26/2019,1.55
11/27/2019,1.55
11/29/2019,1.56
12/2/2019,1.56
12/3/2019,1.55
12/4/2019,1.55
12/5/2019,1.55
12/6/2019,1.55
12/9/2019,1.55
12/10/2019,1.55
12/11/2019,1.55
12/12/2019,1.55
12/13/2019,1.55
12/16/2019,1.56
12/17/2019,1.55
12/18/2019,1.55
12/19/2019,1.55
12/20/2019,1.55
12/23/2019,1.55
12/24/2019,1.55
12/26/2019,1.55
12/27/2019,1.55
12/30/2019,1.55
12/31/2019,1.55
1/2/2020,1.55
1/3/2020,1.55
1/6/2020,1.55
1/7/2020,1.55
1/8/2020,1.55
1/9/2020,1.55
1/10/2020,1.54
1/13/2020,1.54
1/14/2020,1.54
1/15/2020,1.54
1/16/2020,1.54
1/17/2020,1.55
1/21/2020,1.55
1/22/2020,1.55
1/23/2020,1.55
1/24/2020,1.55
1/27/2020,1.55
1/28/2020,1.55
1/29/2020,1.55
1/30/2020,1.6
1/31/2020,1.59
2/3/2020,1.59
2/4/2020,1.59
2/5/2020,1.59
2/6/2020,1.59
2/7/2020,1.58
2/10/2020,1.58
2/11/2020,1.58
2/12/2020,1.58
2/13/2020,1.58
2/14/2020,1.58
2/18/2020,1.59
2/19/2020,1.59
2/20/2020,1.59
2/21/2020,1.58
2/24/2020,1.58
2/25/2020,1.58
2/26/2020,1.58
2/27/2020,1.58
2/28/2020,1.58
3/2/2020,1.59
3/3/2020,1.59
3/4/2020,1.09
3/5/2020,1.09
3/6/2020,1.09
3/9/2020,1.09
3/10/2020,1.09
3/11/2020,1.09
3/12/2020,1.1
3/13/2020,1.1
3/16/2020,0.25
3/17/2020,0.25
3/18/2020,0.25
3/19/2020,0.2
3/20/2020,0.15
3/23/2020,0.15
3/24/2020,0.12
3/25/2020,0.1
3/26/2020,0.1
3/27/2020,0.1
3/30/2020,0.09
3/31/2020,0.08
4/1/2020,0.06
4/2/2020,0.05
4/3/2020,0.05
4/6/2020,0.05
4/7/2020,0.05
4/8/2020,0.05
4/9/2020,0.05
4/10/2020,0.05
4/13/2020,0.05
4/14/2020,0.05
4/15/2020,0.05
4/16/2020,0.05
4/17/2020,0.05
4/20/2020,0.05
4/21/2020,0.05
4/22/2020,0.05
4/23/2020,0.04
4/24/2020,0.05
4/27/2020,0.04
4/28/2020,0.04
4/29/2020,0.04
4/30/2020,0.05
5/1/2020,0.05
5/4/2020,0.05
5/5/2020,0.05
5/6/2020,0.05
5/7/2020,0.05
5/8/2020,0.05
5/11/2020,0.05
5/12/2020,0.05
5/13/2020,0.05
5/14/2020,0.05
5/15/2020,0.05
5/18/2020,0.05
5/19/2020,0.05
5/20/2020,0.05
5/21/2020,0.05
5/22/2020,0.05
5/26/2020,0.05
5/27/2020,0.05
5/28/2020,0.05
5/29/2020,0.05
6/1/2020,0.05
6/2/2020,0.06
6/3/2020,0.06
6/4/2020,0.06
6/5/2020,0.07
6/8/2020,0.07
6/9/2020,0.07
6/10/2020,0.08
6/11/2020,0.08
6/12/2020,0.08
6/15/2020,0.09
6/16/2020,0.09
6/17/2020,0.09
6/18/2020,0.09
6/19/2020,0.09
6/22/2020,0.08
6/23/2020,0.08
6/24/2020,0.08
6/25/2020,0.08
6/26/2020,0.08
6/29/2020,0.08
6/30/2020,0.08
7/1/2020,0.08
7/2/2020,0.09
7/3/2020,0.09
7/6/2020,0.09
7/7/2020,0.09
7/8/2020,0.09
7/9/2020,0.09
7/10/2020,0.09
7/13/2020,0.09
7/14/2020,0.09
7/15/2020,0.1
7/16/2020,0.1
7/17/2020,0.09
7/20/2020,0.1
7/21/2020,0.1
7/22/2020,0.09
7/23/2020,0.09
7/24/2020,0.09
7/27/2020,0.1
7/28/2020,0.1
7/29/2020,0.1
7/30/2020,0.1
