,UCO,,SIVR,,GLD,,SLV
#N/A,,#N/A,,#N/A,,Date,Close
,,,,,,4/28/2006,13.81
,,,,,,5/1/2006,13.87
,,,,,,5/2/2006,14.37
,,,,,,5/3/2006,13.93
,,,,,,5/4/2006,14
,,,,,,5/5/2006,14
,,,,,,5/8/2006,14
,,,,,,5/9/2006,14.5
,,,,,,5/10/2006,14.53
,,,,,,5/11/2006,14.86
,,,,,,5/12/2006,14.46
,,,,,,5/15/2006,13.27
,,,,,,5/16/2006,13.58
,,,,,,5/17/2006,13.09
,,,,,,5/18/2006,12.6
,,,,,,5/19/2006,12.6
,,,,,,5/22/2006,12.52
,,,,,,5/23/2006,13.05
,,,,,,5/24/2006,12.55
,,,,,,5/25/2006,12.69
,,,,,,5/26/2006,12.67
,,,,,,5/30/2006,13.1
,,,,,,5/31/2006,12.63
,,,,,,6/1/2006,12.04
,,,,,,6/2/2006,12.18
,,,,,,6/5/2006,12.09
,,,,,,6/6/2006,11.84
,,,,,,6/7/2006,11.87
,,,,,,6/8/2006,11.24
,,,,,,6/9/2006,11.19
,,,,,,6/12/2006,10.93
,,,,,,6/13/2006,9.63
,,,,,,6/14/2006,9.67
,,,,,,6/15/2006,10.26
,,,,,,6/16/2006,10.29
,,,,,,6/19/2006,9.95
,,,,,,6/20/2006,10.29
,,,,,,6/21/2006,10.5
,,,,,,6/22/2006,10.26
,,,,,,6/23/2006,10.35
,,,,,,6/26/2006,10.32
,,,,,,6/27/2006,10.21
,,,,,,6/28/2006,10.25
,,,,,,6/29/2006,10.78
,,,,,,6/30/2006,11.14
,,,,,,7/5/2006,11.47
,,,,,,7/6/2006,11.6
,,,,,,7/7/2006,11.33
,,,,,,7/10/2006,11.08
,,,,,,7/11/2006,11.57
,,,,,,7/12/2006,11.59
,,,,,,7/13/2006,11.65
,,,,,,7/14/2006,11.5
,,,,,,7/17/2006,10.9
,,,,,,7/18/2006,10.6
,,,,,,7/19/2006,11.14
,,,,,,7/20/2006,10.9
,,,,,,7/21/2006,10.84
,,,,,,7/24/2006,10.92
,,,,,,7/25/2006,10.99
,,,,,,7/26/2006,11.11
,,,,,,7/27/2006,11.38
,,,,,,7/28/2006,11.4
,,,,,,7/31/2006,11.42
,,,,,,8/1/2006,11.76
,,,,,,8/2/2006,12.17
,,,,,,8/3/2006,12.08
,,,,,,8/4/2006,12.38
,,,,,,8/7/2006,12.31
,,,,,,8/8/2006,12.26
,,,,,,8/9/2006,12.52
,,,,,,8/10/2006,12.12
,,,,,,8/11/2006,11.92
,,,,,,8/14/2006,12.05
,,,,,,8/15/2006,12.11
,,,,,,8/16/2006,12.32
,,,,,,8/17/2006,11.97
,,,,,,8/18/2006,12.06
,,,,,,8/21/2006,12.41
,,,,,,8/22/2006,12.3
,,,,,,8/23/2006,12.5
,,,,,,8/24/2006,12.36
,,,,,,8/25/2006,12.42
,,,,,,8/28/2006,12.03
,,,,,,8/29/2006,12.28
,,,,,,8/30/2006,12.51
,,,,,,8/31/2006,12.91
,,,,,,9/1/2006,12.96
,,,,,,9/5/2006,12.98
,,,,,,9/6/2006,12.99
,,,,,,9/7/2006,12.57
,,,,,,9/8/2006,12.13
,,,,,,9/11/2006,11.08
,,,,,,9/12/2006,11.02
,,,,,,9/13/2006,11.19
,,,,,,9/14/2006,10.7
,,,,,,9/15/2006,10.8
,,,,,,9/18/2006,11.17
,,,,,,9/19/2006,10.79
,,,,,,9/20/2006,10.89
,,,,,,9/21/2006,11.19
,,,,,,9/22/2006,11.15
,,,,,,9/25/2006,11.19
,,,,,,9/26/2006,11.39
,,,,,,9/27/2006,11.62
,,,,,,9/28/2006,11.54
,,,,,,9/29/2006,11.45
,,,,,,10/2/2006,11.44
,,,,,,10/3/2006,10.81
,,,,,,10/4/2006,10.8
,,,,,,10/5/2006,11.08
,,,,,,10/6/2006,11.1
,,,,,,10/9/2006,11.28
,,,,,,10/10/2006,11.12
,,,,,,10/11/2006,11.17
,,,,,,10/12/2006,11.29
,,,,,,10/13/2006,11.64
,,,,,,10/16/2006,11.85
,,,,,,10/17/2006,11.69
,,,,,,10/18/2006,11.72
,,,,,,10/19/2006,12.07
,,,,,,10/20/2006,11.88
,,,,,,10/23/2006,11.64
,,,,,,10/24/2006,11.79
,,,,,,10/25/2006,11.9
,,,,,,10/26/2006,12.11
,,,,,,10/27/2006,12.01
,,,,,,10/30/2006,12.11
,,,,,,10/31/2006,12.27
,,,,,,11/1/2006,12.44
,,,,,,11/2/2006,12.52
,,,,,,11/3/2006,12.55
,,,,,,11/6/2006,12.61
,,,,,,11/7/2006,12.6
,,,,,,11/8/2006,12.42
,,,,,,11/9/2006,13.03
,,,,,,11/10/2006,12.97
,,,,,,11/13/2006,12.86
,,,,,,11/14/2006,12.78
,,,,,,11/15/2006,12.86
,,,,,,11/16/2006,12.76
,,,,,,11/17/2006,12.76
,,,,,,11/20/2006,12.71
,,,,,,11/21/2006,13.03
,,,,,,11/22/2006,13.03
,,,,,,11/27/2006,13.5
,,,,,,11/28/2006,13.73
,,,,,,11/29/2006,13.57
,,,,,,11/30/2006,13.97
,,,,,,12/1/2006,13.96
,,,,,,12/4/2006,14.09
,,,,,,12/5/2006,13.82
,,,,,,12/6/2006,13.57
,,,,,,12/7/2006,13.89
,,,,,,12/8/2006,13.68
,,,,,,12/11/2006,13.82
,,,,,,12/12/2006,13.81
,,,,,,12/13/2006,13.75
,,,,,,12/14/2006,13.72
,,,,,,12/15/2006,12.82
,,,,,,12/18/2006,12.45
,,,,,,12/19/2006,12.65
,,,,,,12/20/2006,12.46
,,,,,,12/21/2006,12.35
,,,,,,12/22/2006,12.59
,,,,,,12/26/2006,12.62
,,,,,,12/27/2006,12.78
,,,,,,12/28/2006,12.8
,,,,,,12/29/2006,12.86
,,,,,,1/3/2007,12.56
,,,,,,1/4/2007,12.58
,,,,,,1/5/2007,12.18
,,,,,,1/8/2007,12.22
,,,,,,1/9/2007,12.43
,,,,,,1/10/2007,12.37
,,,,,,1/11/2007,12.29
,,,,,,1/12/2007,12.78
,,,,,,1/16/2007,12.54
,,,,,,1/17/2007,12.74
,,,,,,1/18/2007,12.6
,,,,,,1/19/2007,12.8
,,,,,,1/22/2007,12.87
,,,,,,1/23/2007,13.25
,,,,,,1/24/2007,13.21
,,,,,,1/25/2007,13.25
,,,,,,1/26/2007,13.36
,,,,,,1/29/2007,13.13
,,,,,,1/30/2007,13.33
,,,,,,1/31/2007,13.52
,,,,,,2/1/2007,13.61
,,,,,,2/2/2007,13.39
,,,,,,2/5/2007,13.44
,,,,,,2/6/2007,13.61
,,,,,,2/7/2007,13.59
,,,,,,2/8/2007,13.75
,,,,,,2/9/2007,13.81
,,,,,,2/12/2007,13.6
,,,,,,2/13/2007,13.8
,,,,,,2/14/2007,14.02
,,,,,,2/15/2007,13.95
,,,,,,2/16/2007,13.9
,,,,,,2/20/2007,13.79
,,,,,,2/21/2007,14.18
,,,,,,2/22/2007,14.19
,,,,,,2/23/2007,14.53
,,,,,,2/26/2007,14.7
,,,,,,2/27/2007,14.04
,,,,,,2/28/2007,14.13
,,,,,,3/1/2007,13.54
,,,,,,3/2/2007,12.88
,,,,,,3/5/2007,12.55
,,,,,,3/6/2007,12.9
,,,,,,3/7/2007,12.9
,,,,,,3/8/2007,12.92
,,,,,,3/9/2007,12.86
,,,,,,3/12/2007,12.95
,,,,,,3/13/2007,12.69
,,,,,,3/14/2007,12.8
,,,,,,3/15/2007,12.93
,,,,,,3/16/2007,13.09
,,,,,,3/19/2007,13.1
,,,,,,3/20/2007,13.26
,,,,,,3/21/2007,13.32
,,,,,,3/22/2007,13.39
,,,,,,3/23/2007,13.12
,,,,,,3/26/2007,13.33
,,,,,,3/27/2007,13.19
,,,,,,3/28/2007,13.33
,,,,,,3/29/2007,13.25
,,,,,,3/30/2007,13.35
,,,,,,4/2/2007,13.24
,,,,,,4/3/2007,13.34
,,,,,,4/4/2007,13.58
,,,,,,4/5/2007,13.66
,,,,,,4/9/2007,13.7
,,,,,,4/10/2007,13.85
,,,,,,4/11/2007,13.77
,,,,,,4/12/2007,13.81
,,,,,,4/13/2007,13.99
,,,,,,4/16/2007,13.98
,,,,,,4/17/2007,13.84
,,,,,,4/18/2007,13.88
,,,,,,4/19/2007,13.56
,,,,,,4/20/2007,13.87
,,,,,,4/23/2007,13.93
,,,,,,4/24/2007,13.71
,,,,,,4/25/2007,13.75
,,,,,,4/26/2007,13.26
,,,,,,4/27/2007,13.49
,,,,,,4/30/2007,13.34
,,,,,,5/1/2007,13.19
,,,,,,5/2/2007,13.17
,,,,,,5/3/2007,13.32
,,,,,,5/4/2007,13.38
,,,,,,5/7/2007,13.46
,,,,,,5/8/2007,13.4
,,,,,,5/9/2007,13.32
,,,,,,5/10/2007,12.95
,,,,,,5/11/2007,13.15
,,,,,,5/14/2007,13.05
,,,,,,5/15/2007,13.12
,,,,,,5/16/2007,12.86
,,,,,,5/17/2007,12.77
,,,,,,5/18/2007,12.9
,,,,,,5/21/2007,13
,,,,,,5/22/2007,12.89
,,,,,,5/23/2007,12.95
,,,,,,5/24/2007,12.77
,,,,,,5/25/2007,12.88
,,,,,,5/29/2007,13.1
,,,,,,5/30/2007,13.1
,,,,,,5/31/2007,13.38
,,,,,,6/1/2007,13.64
,,,,,,6/4/2007,13.65
,,,,,,6/5/2007,13.7
,,,,,,6/6/2007,13.64
,,,,,,6/7/2007,13.36
,,,,,,6/8/2007,13.03
,,,,,,6/11/2007,13.15
,,,,,,6/12/2007,12.93
,,,,,,6/13/2007,13.07
,,,,,,6/14/2007,13.07
,,,,,,6/15/2007,13.16
,,,,,,6/18/2007,13.16
,,,,,,6/19/2007,13.27
,,,,,,6/20/2007,13.08
,,,,,,6/21/2007,13.01
,,,,,,6/22/2007,13.01
,,,,,,6/25/2007,12.83
,,,,,,6/26/2007,12.15
,,,,,,6/27/2007,12.21
,,,,,,6/28/2007,12.4
,,,,,,6/29/2007,12.35
,,,,,,7/2/2007,12.59
,,,,,,7/3/2007,12.53
,,,,,,7/5/2007,12.47
,,,,,,7/6/2007,12.68
,,,,,,7/9/2007,12.68
,,,,,,7/10/2007,12.87
,,,,,,7/11/2007,12.85
,,,,,,7/12/2007,13
,,,,,,7/13/2007,12.96
,,,,,,7/16/2007,12.89
,,,,,,7/17/2007,12.82
,,,,,,7/18/2007,13.12
,,,,,,7/19/2007,13.17
,,,,,,7/20/2007,13.23
,,,,,,7/23/2007,13.22
,,,,,,7/24/2007,13.21
,,,,,,7/25/2007,13.03
,,,,,,7/26/2007,12.71
,,,,,,7/27/2007,12.62
,,,,,,7/30/2007,12.79
,,,,,,7/31/2007,12.8
,,,,,,8/1/2007,12.89
,,,,,,8/2/2007,12.9
,,,,,,8/3/2007,13.03
,,,,,,8/6/2007,12.88
,,,,,,8/7/2007,13.03
,,,,,,8/8/2007,13.05
,,,,,,8/9/2007,12.59
,,,,,,8/10/2007,12.77
,,,,,,8/13/2007,12.71
,,,,,,8/14/2007,12.62
,,,,,,8/15/2007,12.39
,,,,,,8/16/2007,11.78
,,,,,,8/17/2007,11.66
,,,,,,8/20/2007,11.73
,,,,,,8/21/2007,11.51
,,,,,,8/22/2007,11.57
,,,,,,8/23/2007,11.62
,,,,,,8/24/2007,11.9
,,,,,,8/27/2007,11.69
,,,,,,8/28/2007,11.64
,,,,,,8/29/2007,11.82
,,,,,,8/30/2007,11.7
,,,,,,8/31/2007,12
,,,,,,9/4/2007,12.19
,,,,,,9/5/2007,12.15
,,,,,,9/6/2007,12.36
,,,,,,9/7/2007,12.44
,,,,,,9/11/2007,12.64
,,,,,,9/12/2007,12.57
,,,,,,9/13/2007,12.47
,,,,,,9/14/2007,12.48
,,,,,,9/17/2007,12.71
,,,,,,9/18/2007,12.87
,,,,,,9/19/2007,12.87
,,,,,,9/20/2007,13.32
,,,,,,9/21/2007,13.42
,,,,,,9/24/2007,13.43
,,,,,,9/25/2007,13.37
,,,,,,9/26/2007,13.33
,,,,,,9/27/2007,13.43
,,,,,,9/28/2007,13.66
,,,,,,10/1/2007,13.65
,,,,,,10/2/2007,13.23
,,,,,,10/3/2007,13.22
,,,,,,10/4/2007,13.29
,,,,,,10/5/2007,13.3
,,,,,,10/8/2007,13.19
,,,,,,10/9/2007,13.4
,,,,,,10/10/2007,13.49
,,,,,,10/11/2007,13.64
,,,,,,10/12/2007,13.74
,,,,,,10/15/2007,13.69
,,,,,,10/16/2007,13.5
,,,,,,10/17/2007,13.52
,,,,,,10/18/2007,13.7
,,,,,,10/19/2007,13.45
,,,,,,10/22/2007,13.35
,,,,,,10/23/2007,13.46
,,,,,,10/24/2007,13.48
,,,,,,10/25/2007,13.76
,,,,,,10/26/2007,14.13
,,,,,,10/29/2007,14.39
,,,,,,10/30/2007,14.11
,,,,,,10/31/2007,14.36
,,,,,,11/1/2007,14
,,,,,,11/2/2007,14.53
,,,,,,11/5/2007,14.62
,,,,,,11/6/2007,15.38
,,,,,,11/7/2007,15.17
,,,,,,11/8/2007,15.33
,,,,,,11/9/2007,15.29
,,,,,,11/12/2007,14.32
,,,,,,11/13/2007,14.46
,,,,,,11/14/2007,14.87
,,,,,,11/15/2007,14.35
,,,,,,11/16/2007,14.34
,,,,,,11/19/2007,14.07
,,,,,,11/20/2007,14.66
,,,,,,11/21/2007,14.35
,,,,,,11/27/2007,14.35
,,,,,,11/28/2007,14.3
,,,,,,11/29/2007,14.1
,,,,,,11/30/2007,13.9
,,,,,,12/3/2007,14.01
,,,,,,12/4/2007,14.21
,,,,,,12/5/2007,14.13
,,,,,,12/6/2007,14.38
,,,,,,12/7/2007,14.28
,,,,,,12/10/2007,14.56
,,,,,,12/11/2007,14.35
,,,,,,12/12/2007,14.55
,,,,,,12/13/2007,14.01
,,,,,,12/14/2007,13.74
,,,,,,12/17/2007,13.71
,,,,,,12/19/2007,13.99
,,,,,,12/20/2007,14.09
,,,,,,12/21/2007,14.22
,,,,,,12/26/2007,14.6
,,,,,,12/27/2007,14.53
,,,,,,12/28/2007,14.65
,,,,,,12/31/2007,14.7
,,,,,,1/2/2008,15.18
,,,,,,1/3/2008,15.29
,,,,,,1/4/2008,15.17
,,,,,,1/7/2008,15.05
,,,,,,1/8/2008,15.59
,,,,,,1/9/2008,15.52
,,,,,,1/10/2008,16.06
,,,,,,1/11/2008,16.08
,,,,,,1/14/2008,16.28
,,,,,,1/15/2008,15.83
,,,,,,1/16/2008,15.65
,,,,,,1/17/2008,15.72
,,,,,,1/18/2008,16.03
,,,,,,1/22/2008,15.9
,,,,,,1/23/2008,15.9
,,,,,,1/24/2008,16.3
,,,,,,1/25/2008,16.3
,,,,,,1/28/2008,16.55
,,,,,,1/29/2008,16.53
,,,,,,1/30/2008,16.68
,,,,,,1/31/2008,16.82
,,,,,,2/1/2008,16.62
,,,,,,2/4/2008,16.52
,,,,,,2/5/2008,16.17
,,,,,,2/6/2008,16.37
,,,,,,2/7/2008,16.67
,,,,,,2/8/2008,17.03
,,,,,,2/11/2008,17.4
,,,,,,2/12/2008,17.03
,,,,,,2/13/2008,17.13
,,,,,,2/14/2008,17.09
,,,,,,2/15/2008,16.95
,,,,,,2/19/2008,17.38
,,,,,,2/20/2008,17.7
,,,,,,2/21/2008,17.7
,,,,,,2/22/2008,17.92
,,,,,,2/25/2008,17.99
,,,,,,2/26/2008,18.6
,,,,,,2/27/2008,19.13
,,,,,,2/28/2008,19.67
,,,,,,2/29/2008,19.67
,,,,,,3/3/2008,20.16
,,,,,,3/4/2008,19.62
,,,,,,3/5/2008,20.62
,,,,,,3/6/2008,20.08
,,,,,,3/7/2008,20.04
,,,,,,3/10/2008,19.48
,,,,,,3/11/2008,19.52
,,,,,,3/12/2008,19.97
,,,,,,3/13/2008,20.41
,,,,,,3/14/2008,20.42
,,,,,,3/17/2008,19.98
,,,,,,3/18/2008,19.38
,,,,,,3/19/2008,18.25
,,,,,,3/20/2008,16.7
,,,,,,3/24/2008,16.79
,,,,,,3/25/2008,17.77
,,,,,,3/26/2008,18.23
,,,,,,3/27/2008,18.32
,,,,,,3/28/2008,17.75
,,,,,,3/31/2008,17.04
,,,,,,4/1/2008,16.6
,,,,,,4/2/2008,17.25
,,,,,,4/3/2008,17.23
,,,,,,4/4/2008,17.61
,,,,,,4/7/2008,17.95
,,,,,,4/8/2008,17.51
,,,,,,4/9/2008,18.02
,,,,,,4/10/2008,17.81
,,,,,,4/11/2008,17.58
,,,,,,4/14/2008,17.52
,,,,,,4/15/2008,17.68
,,,,,,4/16/2008,18.15
,,,,,,4/17/2008,18.01
,,,,,,4/18/2008,17.67
,,,,,,4/21/2008,17.27
,,,,,,4/22/2008,17.48
,,,,,,4/23/2008,17
,,,,,,4/24/2008,16.55
,,,,,,4/25/2008,16.69
,,,,,,4/28/2008,16.84
,,,,,,4/29/2008,16.38
,,,,,,4/30/2008,16.72
,,,,,,5/1/2008,15.99
,,,,,,5/5/2008,16.57
,,,,,,5/6/2008,16.73
,,,,,,5/7/2008,16.5
,,,,,,5/9/2008,16.67
,,,,,,5/12/2008,17
,,,,,,5/13/2008,16.55
,,,,,,5/14/2008,16.37
,,,,,,5/15/2008,16.55
,,,,,,5/16/2008,16.75
,,,,,,5/19/2008,16.82
,,,,,,5/20/2008,17.5
,,,,,,5/21/2008,17.86
,,,,,,5/22/2008,17.78
,,,,,,5/23/2008,18.02
,,,,,,5/27/2008,17.26
,,,,,,5/28/2008,17.27
,,,,,,5/29/2008,16.48
,,,,,,5/30/2008,16.67
,,,,,,6/2/2008,16.64
,,,,,,6/3/2008,16.59
,,,,,,6/4/2008,16.64
,,,,,,6/5/2008,16.97
,,,,,,6/6/2008,17.4
,,,,,,6/9/2008,16.94
,,,,,,6/10/2008,16.44
,,,,,,6/11/2008,16.7
,,,,,,6/12/2008,16.35
,,,,,,6/13/2008,16.33
,,,,,,6/16/2008,16.95
,,,,,,6/17/2008,16.9
,,,,,,6/18/2008,17.19
,,,,,,6/19/2008,17.15
,,,,,,6/20/2008,17.2
,,,,,,6/23/2008,16.63
,,,,,,6/24/2008,16.49
,,,,,,6/25/2008,16.63
,,,,,,6/26/2008,17.02
,,,,,,6/27/2008,17.33
,,,,,,6/30/2008,17.26
,,,,,,7/1/2008,17.9
,,,,,,7/2/2008,18.22
,,,,,,7/7/2008,17.6
,,,,,,7/8/2008,17.66
,,,,,,7/9/2008,17.95
,,,,,,7/10/2008,18.12
,,,,,,7/11/2008,18.64
,,,,,,7/14/2008,18.94
,,,,,,7/15/2008,18.7
,,,,,,7/16/2008,18.55
,,,,,,7/17/2008,18.32
,,,,,,7/18/2008,17.97
,,,,,,7/21/2008,18.23
,,,,,,7/22/2008,17.76
,,,,,,7/23/2008,17.19
,,,,,,7/24/2008,17.26
,,,,,,7/25/2008,17.25
,,,,,,7/28/2008,17.36
,,,,,,7/29/2008,17.19
,,,,,,7/30/2008,17.36
,,,,,,7/31/2008,17.53
,,,,,,8/1/2008,17.28
,,,,,,8/4/2008,16.74
,,,,,,8/5/2008,16.22
,,,,,,8/6/2008,16.37
,,,,,,8/7/2008,16.07
,,,,,,8/8/2008,15.19
,,,,,,8/11/2008,14.4
,,,,,,8/12/2008,14.4
,,,,,,8/13/2008,14.79
,,,,,,8/14/2008,14.06
,,,,,,8/15/2008,12.7
,,,,,,8/18/2008,12.93
,,,,,,8/19/2008,13.09
,,,,,,8/20/2008,13.18
,,,,,,8/21/2008,13.69
,,,,,,8/22/2008,13.26
,,,,,,8/25/2008,13.33
,,,,,,8/26/2008,13.45
,,,,,,8/27/2008,13.35
,,,,,,8/28/2008,13.55
,,,,,,8/29/2008,13.37
,,,,,,9/2/2008,12.94
,,,,,,9/3/2008,12.75
,,,,,,9/4/2008,12.63
,,,,,,9/5/2008,12.03
,,,,,,9/8/2008,11.95
,,,,,,9/9/2008,11.18
,,,,,,9/10/2008,10.6
,,,,,,9/11/2008,10.32
,,,,,,9/12/2008,10.75
,,,,,,9/15/2008,10.95
,,,,,,9/16/2008,10.4
,,,,,,9/17/2008,11.9
,,,,,,9/18/2008,11.89
,,,,,,9/19/2008,12.46
,,,,,,9/22/2008,13.35
,,,,,,9/23/2008,13.18
,,,,,,9/24/2008,13.09
,,,,,,9/25/2008,13.03
,,,,,,9/26/2008,13.15
,,,,,,9/29/2008,12.95
,,,,,,9/30/2008,11.85
,,,,,,10/1/2008,12.33
,,,,,,10/2/2008,10.8
,,,,,,10/3/2008,10.99
,,,,,,10/6/2008,10.75
,,,,,,10/7/2008,11.38
,,,,,,10/8/2008,11.51
,,,,,,10/9/2008,11.95
,,,,,,10/10/2008,9.8
,,,,,,10/13/2008,10.59
,,,,,,10/14/2008,10.86
,,,,,,10/15/2008,10.27
,,,,,,10/16/2008,9.6
,,,,,,10/17/2008,9.23
,,,,,,10/20/2008,9.77
,,,,,,10/21/2008,9.98
,,,,,,10/22/2008,9.45
,,,,,,10/23/2008,9.38
,,,,,,10/24/2008,9.13
,,,,,,10/27/2008,8.85
,,,,,,10/28/2008,9.05
,,,,,,10/29/2008,9.67
,,,,,,10/30/2008,9.68
,,,,,,10/31/2008,9.58
,,,,,,11/3/2008,9.62
,,,,,,11/4/2008,10.12
,,,,,,11/5/2008,10.21
,,,,,,11/6/2008,9.9
,,,,,,11/7/2008,9.94
,,,,,,11/10/2008,10.06
,,,,,,11/11/2008,9.64
,,,,,,11/12/2008,9.17
,,,,,,11/13/2008,9.3
,,,,,,11/14/2008,9.36
,,,,,,11/17/2008,9.18
,,,,,,11/18/2008,9.48
,,,,,,11/19/2008,9.1
,,,,,,11/20/2008,8.86
,,,,,,11/21/2008,9.52
,,,,,,11/24/2008,10.43
,,,,,,11/25/2008,10.19
,,,,,,11/26/2008,10.19
,,,,,,12/1/2008,9.18
,,,,,,12/2/2008,9.49
,,,,,,12/3/2008,9.51
,,,,,,12/4/2008,9.38
,,,,,,12/5/2008,9.4
,,,,,,12/8/2008,9.89
,,,,,,12/9/2008,9.7
,,,,,,12/10/2008,10.12
,,,,,,12/11/2008,10.2
,,,,,,12/12/2008,10.14
,,,,,,12/15/2008,10.55
,,,,,,12/16/2008,11.03
,,,,,,12/17/2008,11.29
,,,,,,12/18/2008,10.84
,,,,,,12/19/2008,10.67
,,,,,,12/22/2008,10.73
,,,,,,12/23/2008,10.16
,,,,,,12/24/2008,10.28
,,,,,,12/26/2008,10.64
,,,,,,12/29/2008,10.77
,,,,,,12/30/2008,10.82
,,,,,,12/31/2008,11.2
,,,,,,1/2/2009,11.41
,,,,,,1/5/2009,11.11
,,,,,,1/6/2009,11.34
,,,,,,1/7/2009,10.86
,,,,,,1/8/2009,10.99
,,,,,,1/9/2009,11.1
,,,,,,1/12/2009,10.5
,,,,,,1/13/2009,10.6
,,,,,,1/14/2009,10.45
,,,,,,1/15/2009,10.49
,,,,,,1/16/2009,11.11
,,,,,,1/20/2009,11.09
,,,,,,1/21/2009,11.18
,,,,,,1/22/2009,11.33
,,,,,,1/23/2009,11.85
,,,,,,1/26/2009,11.9
,,,,,,1/27/2009,11.85
,,,,,,1/28/2009,11.86
,,,,,,1/29/2009,12.26
,,,,,,1/30/2009,12.52
,,,,,,2/2/2009,12.21
,,,,,,2/3/2009,12.32
,,,,,,2/4/2009,12.42
,,,,,,2/5/2009,12.75
,,,,,,2/6/2009,12.91
,,,,,,2/9/2009,12.72
,,,,,,2/10/2009,12.98
,,,,,,2/11/2009,13.34
,,,,,,2/12/2009,13.33
,,,,,,2/13/2009,13.54
,,,,,,2/17/2009,13.99
,,,,,,2/18/2009,14.17
,,,,,,2/19/2009,13.89
,,,,,,2/20/2009,14.25
,,,,,,2/23/2009,14.34
,,,,,,2/24/2009,13.61
,,,,,,2/25/2009,13.49
,,,,,,2/26/2009,12.97
,,,,,,2/27/2009,12.88
,,,,,,3/2/2009,12.77
,,,,,,3/3/2009,12.65
,,,,,,3/4/2009,12.78
,,,,,,3/5/2009,13.15
,,,,,,3/6/2009,13.18
,,,,,,3/9/2009,12.77
,,,,,,3/10/2009,12.45
,,,,,,3/11/2009,12.59
,,,,,,3/12/2009,12.79
,,,,,,3/13/2009,13.05
,,,,,,3/16/2009,12.79
,,,,,,3/17/2009,12.6
,,,,,,3/18/2009,12.77
,,,,,,3/19/2009,13.42
,,,,,,3/20/2009,13.61
,,,,,,3/23/2009,13.46
,,,,,,3/24/2009,13.25
,,,,,,3/25/2009,13.35
,,,,,,3/26/2009,13.35
,,,,,,3/27/2009,13.15
,,,,,,3/30/2009,12.85
,,,,,,3/31/2009,12.79
,,,,,,4/1/2009,12.84
,,,,,,4/2/2009,12.77
,,,,,,4/3/2009,12.6
,,,,,,4/6/2009,11.94
,,,,,,4/7/2009,12.07
,,,,,,4/8/2009,12.14
,,,,,,4/9/2009,12.17
,,,,,,4/13/2009,12.57
,,,,,,4/14/2009,12.54
,,,,,,4/15/2009,12.55
,,,,,,4/16/2009,12.06
,,,,,,4/17/2009,11.68
,,,,,,4/20/2009,11.89
,,,,,,4/21/2009,11.86
,,,,,,4/22/2009,12.13
,,,,,,4/23/2009,12.54
,,,,,,4/24/2009,12.67
,,,,,,4/27/2009,12.66
,,,,,,4/28/2009,12.3
,,,,,,4/29/2009,12.55
,,,,,,4/30/2009,12.21
,,,,,,5/1/2009,12.31
,,,,,,5/4/2009,12.83
,,,,,,5/5/2009,13.14
,,,,,,5/6/2009,13.52
,,,,,,5/7/2009,13.6
,,,,,,5/8/2009,13.79
,,,,,,5/11/2009,13.74
,,,,,,5/12/2009,14.02
,,,,,,5/13/2009,13.81
,,,,,,5/14/2009,13.85
,,,,,,5/15/2009,13.77
,,,,,,5/18/2009,13.58
,,,,,,5/19/2009,13.98
,,,,,,5/20/2009,14.1
,,,,,,5/21/2009,14.34
,,,,,,5/22/2009,14.5
,,,,,,5/26/2009,14.42
,,,,,,5/27/2009,14.58
,,,,,,5/28/2009,14.93
,,,,,,5/29/2009,15.47
,,,,,,6/1/2009,15.35
,,,,,,6/2/2009,15.75
,,,,,,6/3/2009,15.14
,,,,,,6/4/2009,15.63
,,,,,,6/5/2009,15.01
,,,,,,6/8/2009,14.76
,,,,,,6/9/2009,15.03
,,,,,,6/10/2009,15.01
,,,,,,6/11/2009,15.13
,,,,,,6/12/2009,14.63
,,,,,,6/15/2009,13.83
,,,,,,6/16/2009,13.99
,,,,,,6/17/2009,14.12
,,,,,,6/18/2009,13.97
,,,,,,6/19/2009,13.99
,,,,,,6/22/2009,13.54
,,,,,,6/23/2009,13.62
,,,,,,6/24/2009,13.68
,,,,,,6/25/2009,13.81
,,,,,,6/26/2009,13.9
,,,,,,6/29/2009,13.66
,,,,,,6/30/2009,13.38
,,,,,,7/1/2009,13.55
,,,,,,7/2/2009,13.16
,,,,,,7/3/2009,13.16
,,,,,,7/6/2009,13.1
,,,,,,7/7/2009,12.89
,,,,,,7/8/2009,12.69
,,,,,,7/9/2009,12.67
,,,,,,7/10/2009,12.5
,,,,,,7/13/2009,12.66
,,,,,,7/14/2009,12.72
,,,,,,7/15/2009,13.06
,,,,,,7/16/2009,13.09
,,,,,,7/17/2009,13.17
,,,,,,7/20/2009,13.45
,,,,,,7/21/2009,13.33
,,,,,,7/22/2009,13.45
,,,,,,7/23/2009,13.52
,,,,,,7/24/2009,13.66
,,,,,,7/27/2009,13.84
,,,,,,7/28/2009,13.52
,,,,,,7/29/2009,13.12
,,,,,,7/30/2009,13.25
,,,,,,7/31/2009,13.7
,,,,,,8/3/2009,14.03
,,,,,,8/4/2009,14.35
,,,,,,8/5/2009,14.52
,,,,,,8/6/2009,14.32
,,,,,,8/7/2009,14.39
,,,,,,8/10/2009,14.15
,,,,,,8/11/2009,14.09
,,,,,,8/12/2009,14.34
,,,,,,8/13/2009,14.79
,,,,,,8/14/2009,14.43
,,,,,,8/17/2009,13.75
,,,,,,8/18/2009,13.72
,,,,,,8/19/2009,13.57
,,,,,,8/20/2009,13.7
,,,,,,8/21/2009,13.92
,,,,,,8/24/2009,13.9
,,,,,,8/25/2009,14.04
,,,,,,8/26/2009,14.09
,,,,,,8/27/2009,14.08
,,,,,,8/28/2009,14.5
,,,,,,8/31/2009,14.62
,,,,,,9/1/2009,14.76
,,,,,,9/2/2009,15.22
,,,,,,9/3/2009,15.87
,,,,,,9/4/2009,15.97
,,,,,,9/8/2009,16.15
,,,,,,9/9/2009,16.06
,,,,,,9/10/2009,16.41
,,,,,,9/11/2009,16.5
,,,,,,9/14/2009,16.31
,,,,,,9/15/2009,16.78
,,,,,,9/16/2009,17.14
,,,,,,9/17/2009,16.95
,,,,,,9/18/2009,16.7
,,,,,,9/21/2009,16.54
,,,,,,9/22/2009,16.88
,,,,,,9/23/2009,16.54
,,,,,,9/24/2009,15.99
,,,,,,9/25/2009,15.74
,,,,,,9/28/2009,15.91
,,,,,,9/29/2009,15.89
,,,,,,9/30/2009,16.38
,,,,,,10/1/2009,16.04
,,,,,,10/2/2009,15.82
,,,,,,10/5/2009,16.38
,,,,,,10/6/2009,17.08
,,,,,,10/7/2009,17.25
,,,,,,10/8/2009,17.52
,,,,,,10/9/2009,17.44
,,,,,,10/12/2009,17.48
,,,,,,10/13/2009,17.48
,,,,,,10/14/2009,17.56
,,,,,,10/15/2009,17.06
,,,,,,10/16/2009,17.18
,,,,,,10/19/2009,17.44
,,,,,,10/20/2009,17.2
,,,,,,10/21/2009,17.36
,,,,,,10/22/2009,17.32
,,,,,,10/23/2009,17.4
,,,,,,10/26/2009,16.79
,,,,,,10/27/2009,16.34
,,,,,,10/28/2009,15.86
,,,,,,10/29/2009,16.41
,,,,,,10/30/2009,16.07
,,,,,,11/2/2009,16.16
,,,,,,11/3/2009,17
,,,,,,11/4/2009,17.14
,,,,,,11/5/2009,17.12
,,,,,,11/6/2009,17.09
,,,,,,11/9/2009,17.29
,,,,,,11/10/2009,17.03
,,,,,,11/11/2009,17.29
,,,,,,11/12/2009,16.92
,,,,,,11/13/2009,17.15
,,,,,,11/16/2009,18.01
,,,,,,11/17/2009,18.13
,,,,,,11/18/2009,18.23
,,,,,,11/19/2009,18.26
,,,,,,11/20/2009,18.22
,,,,,,11/23/2009,18.27
,,,,,,11/24/2009,18.25
,,,,,,11/25/2009,18.52
,,,,,,11/27/2009,17.95
,,,,,,11/30/2009,18.15
,,,,,,12/1/2009,18.78
,,,,,,12/2/2009,18.89
,,,,,,12/3/2009,18.62
,,,,,,12/4/2009,18.15
,,,,,,12/7/2009,17.82
,,,,,,12/8/2009,17.3
,,,,,,12/9/2009,17.15
,,,,,,12/10/2009,17.09
,,,,,,12/11/2009,16.87
,,,,,,12/14/2009,17.08
,,,,,,12/15/2009,17.09
,,,,,,12/16/2009,17.36
,,,,,,12/17/2009,16.79
,,,,,,12/18/2009,16.95
,,,,,,12/21/2009,16.69
,,,,,,12/22/2009,16.64
,,,,,,12/23/2009,16.81
,,,,,,12/24/2009,17.17
,,,,,,12/28/2009,17.22
,,,,,,12/29/2009,16.81
,,,,,,12/30/2009,16.53
,,,,,,12/31/2009,16.54
,,,,,,1/4/2010,17.23
,,,,,,1/5/2010,17.51
,,,,,,1/6/2010,17.86
,,,,,,1/7/2010,17.89
,,,,,,1/8/2010,18.15
,,,,,,1/11/2010,18.21
,,,,,,1/12/2010,17.91
,,,,,,1/13/2010,18.27
,,,,,,1/14/2010,18.31
,,,,,,1/15/2010,18.05
,,,,,,1/19/2010,18.45
,,,,,,1/20/2010,17.57
,,,,,,1/21/2010,17.07
,,,,,,1/22/2010,16.78
,,,,,,1/25/2010,16.83
,,,,,,1/26/2010,16.43
,,,,,,1/27/2010,16.26
,,,,,,1/28/2010,15.92
,,,,,,1/29/2010,15.9
,,,,,,2/1/2010,16.36
,,,,,,2/2/2010,16.35
,,,,,,2/3/2010,16.07
,,,,,,2/4/2010,15.04
,,,,,,2/5/2010,14.9
,,,,,,2/8/2010,14.75
,,,,,,2/9/2010,15.12
,,,,,,2/10/2010,14.95
,,,,,,2/11/2010,15.37
,,,,,,2/12/2010,15.24
,,,,,,2/16/2010,15.82
,,,,,,2/17/2010,15.74
,,,,,,2/18/2010,15.88
,,,,,,2/19/2010,15.97
,,,,,,2/22/2010,15.9
,,,,,,2/23/2010,15.57
,,,,,,2/24/2010,15.62
,,,,,,2/25/2010,15.77
,,,,,,2/26/2010,16.07
,,,,,,3/1/2010,16.11
,,,,,,3/2/2010,16.56
,,,,,,3/3/2010,16.82
,,,,,,3/4/2010,16.79
,,,,,,3/5/2010,17.01
,,,,,,3/8/2010,16.89
,,,,,,3/9/2010,16.92
,,,,,,3/10/2010,16.66
,,,,,,3/11/2010,16.81
,,,,,,3/12/2010,16.76
,,,,,,3/15/2010,16.74
,,,,,,3/16/2010,17.05
,,,,,,3/17/2010,17.08
,,,,,,3/18/2010,17.08
,,,,,,3/19/2010,16.65
,,,,,,3/22/2010,16.6
,,,,,,3/23/2010,16.72
,,,,,,3/24/2010,16.29
,,,,,,3/25/2010,16.32
,,,,,,3/26/2010,16.61
,,,,,,3/29/2010,17.04
,,,,,,3/30/2010,16.95
,,,,,,3/31/2010,17.14
,,,,,,4/1/2010,17.54
,,,,,,4/5/2010,17.75
,,,,,,4/6/2010,17.61
,,,,,,4/7/2010,17.77
,,,,,,4/8/2010,17.72
,,,,,,4/9/2010,18.01
,,,,,,4/12/2010,17.8
,,,,,,4/13/2010,17.84
,,,,,,4/14/2010,18.07
,,,,,,4/15/2010,18.07
,,,,,,4/16/2010,17.41
,,,,,,4/19/2010,17.38
,,,,,,4/20/2010,17.48
,,,,,,4/21/2010,17.77
,,,,,,4/22/2010,17.64
,,,,,,4/23/2010,17.91
,,,,,,4/26/2010,17.93
,,,,,,4/27/2010,17.88
,,,,,,4/28/2010,17.75
,,,,,,4/29/2010,18.14
,,,,,,4/30/2010,18.26
,,,,,,5/3/2010,18.42
,,,,,,5/4/2010,17.59
,,,,,,5/5/2010,17.11
,,,,,,5/6/2010,17.32
,,,,,,5/7/2010,18
,,,,,,5/10/2010,18.11
,,,,,,5/11/2010,18.95
,,,,,,5/12/2010,19.12
,,,,,,5/13/2010,18.99
,,,,,,5/14/2010,18.93
,,,,,,5/17/2010,18.53
,,,,,,5/18/2010,18.57
,,,,,,5/19/2010,17.87
,,,,,,5/20/2010,17.35
,,,,,,5/21/2010,17.29
,,,,,,5/24/2010,17.56
,,,,,,5/25/2010,17.54
,,,,,,5/26/2010,17.74
,,,,,,5/27/2010,18.12
,,,,,,5/28/2010,18.03
,,,,,,6/1/2010,18.02
,,,,,,6/2/2010,17.98
,,,,,,6/3/2010,17.64
,,,,,,6/4/2010,17.05
,,,,,,6/7/2010,17.81
,,,,,,6/8/2010,17.89
,,,,,,6/9/2010,17.76
,,,,,,6/10/2010,17.86
,,,,,,6/11/2010,17.85
,,,,,,6/14/2010,17.86
,,,,,,6/15/2010,18.19
,,,,,,6/16/2010,18.08
,,,,,,6/17/2010,18.33
,,,,,,6/18/2010,18.75
,,,,,,6/21/2010,18.33
,,,,,,6/22/2010,18.42
,,,,,,6/23/2010,18.18
,,,,,,6/24/2010,18.26
,,,,,,6/25/2010,18.67
,,,,,,6/28/2010,18.38
,,,,,,6/29/2010,18.13
,,,,,,6/30/2010,18.21
,,,,,,7/1/2010,17.44
,,,,,,7/2/2010,17.46
,,,,,,7/6/2010,17.4
,,,,,,7/7/2010,17.65
,,,,,,7/8/2010,17.61
,,,,,,7/9/2010,17.73
,,,,,,7/12/2010,17.62
,,,,,,7/13/2010,17.82
,,,,,,7/14/2010,17.96
,,,,,,7/15/2010,17.95
,,,,,,7/16/2010,17.49
,,,,,,7/19/2010,17.27
,,,,,,7/20/2010,17.33
,,,,,,7/21/2010,17.31
,,,,,,7/22/2010,17.71
,,,,,,7/23/2010,17.72
,,,,,,7/26/2010,17.78
,,,,,,7/27/2010,17.3
,,,,,,7/28/2010,17.16
,,,,,,7/29/2010,17.24
,,,,,,7/30/2010,17.58
,,,,,,8/2/2010,17.96
,,,,,,8/3/2010,18.02
,,,,,,8/4/2010,17.93
,,,,,,8/5/2010,17.96
,,,,,,8/6/2010,18.07
,,,,,,8/9/2010,17.96
,,,,,,8/10/2010,17.97
,,,,,,8/11/2010,17.53
,,,,,,8/12/2010,17.69
,,,,,,8/13/2010,17.74
,,,,,,8/16/2010,18
,,,,,,8/17/2010,18.12
,,,,,,8/18/2010,18.02
,,,,,,8/19/2010,17.92
,,,,,,8/20/2010,17.59
,,,,,,8/23/2010,17.61
,,,,,,8/24/2010,17.99
,,,,,,8/25/2010,18.54
,,,,,,8/26/2010,18.59
,,,,,,8/27/2010,18.7
,,,,,,8/30/2010,18.63
,,,,,,8/31/2010,18.93
,,,,,,9/1/2010,18.96
,,,,,,9/2/2010,19.28
,,,,,,9/3/2010,19.42
,,,,,,9/7/2010,19.36
,,,,,,9/8/2010,19.5
,,,,,,9/9/2010,19.32
,,,,,,9/10/2010,19.42
,,,,,,9/13/2010,19.54
,,,,,,9/14/2010,20.05
,,,,,,9/15/2010,20.17
,,,,,,9/16/2010,20.35
,,,,,,9/17/2010,20.29
,,,,,,9/20/2010,20.29
,,,,,,9/21/2010,20.59
,,,,,,9/22/2010,20.71
,,,,,,9/23/2010,20.66
,,,,,,9/24/2010,21.01
,,,,,,9/27/2010,20.99
,,,,,,9/28/2010,21.29
,,,,,,9/29/2010,21.4
,,,,,,9/30/2010,21.31
,,,,,,10/1/2010,21.65
,,,,,,10/4/2010,21.51
,,,,,,10/5/2010,22.34
,,,,,,10/6/2010,22.66
,,,,,,10/7/2010,22.02
,,,,,,10/8/2010,22.73
,,,,,,10/11/2010,22.78
,,,,,,10/12/2010,22.84
,,,,,,10/13/2010,23.49
,,,,,,10/14/2010,24.03
,,,,,,10/15/2010,23.75
,,,,,,10/18/2010,23.96
,,,,,,10/19/2010,22.84
,,,,,,10/20/2010,23.33
,,,,,,10/21/2010,22.59
,,,,,,10/22/2010,22.76
,,,,,,10/25/2010,23.1
,,,,,,10/26/2010,23.28
,,,,,,10/27/2010,23.07
,,,,,,10/28/2010,23.43
,,,,,,10/29/2010,24.17
,,,,,,11/1/2010,24.07
,,,,,,11/2/2010,24.31
,,,,,,11/3/2010,24.25
,,,,,,11/4/2010,25.63
,,,,,,11/5/2010,26.2
,,,,,,11/8/2010,27.15
,,,,,,11/9/2010,26.18
,,,,,,11/10/2010,26.72
,,,,,,11/11/2010,27.11
,,,,,,11/12/2010,25.52
,,,,,,11/15/2010,24.93
,,,,,,11/16/2010,24.93
,,,,,,11/17/2010,25
,,,,,,11/18/2010,26.35
,,,,,,11/19/2010,26.74
,,,,,,11/22/2010,27.17
,,,,,,11/23/2010,26.87
,,,,,,11/24/2010,26.94
,,,,,,11/26/2010,26.13
,,,,,,11/29/2010,26.55
,,,,,,11/30/2010,27.44
,,,,,,12/1/2010,27.81
,,,,,,12/2/2010,27.93
,,,,,,12/3/2010,28.6
,,,,,,12/6/2010,29.51
,,,,,,12/7/2010,28.08
,,,,,,12/8/2010,27.7
,,,,,,12/9/2010,28.03
,,,,,,12/10/2010,27.98
,,,,,,12/13/2010,28.87
,,,,,,12/14/2010,28.81
,,,,,,12/15/2010,28.08
,,,,,,12/16/2010,28.28
,,,,,,12/17/2010,28.51
,,,,,,12/20/2010,28.71
,,,,,,12/21/2010,28.64
,,,,,,12/22/2010,28.57
,,,,,,12/23/2010,28.61
,,,,,,12/27/2010,28.59
,,,,,,12/28/2010,29.53
,,,,,,12/29/2010,29.87
,,,,,,12/30/2010,29.76
,,,,,,12/31/2010,30.18
,,,,,,1/3/2011,29.98
,,,,,,1/4/2011,29.08
,,,,,,1/5/2011,28.61
,,,,,,1/6/2011,28.42
,,,,,,1/7/2011,28.1
,,,,,,1/10/2011,28.29
,,,,,,1/11/2011,28.89
,,,,,,1/12/2011,29
,,,,,,1/13/2011,28
,,,,,,1/14/2011,27.74
,,,,,,1/18/2011,28.15
,,,,,,1/19/2011,28.08
,,,,,,1/20/2011,26.85
,,,,,,1/21/2011,26.83
,,,,,,1/24/2011,26.36
,,,,,,1/25/2011,26.23
,,,,,,1/26/2011,26.89
,,,,,,1/27/2011,26.29
,,,,,,1/28/2011,27.3
,,,,,,1/31/2011,27.39
,,,,,,2/1/2011,27.87
,,,,,,2/2/2011,27.69
,,,,,,2/3/2011,28.29
,,,,,,2/4/2011,28.4
,,,,,,2/7/2011,28.66
,,,,,,2/8/2011,29.64
,,,,,,2/9/2011,29.52
,,,,,,2/10/2011,29.46
,,,,,,2/11/2011,29.21
,,,,,,2/14/2011,29.96
,,,,,,2/15/2011,30
,,,,,,2/16/2011,29.96
,,,,,,2/17/2011,31.03
,,,,,,2/18/2011,31.79
,,,,,,2/22/2011,32.26
,,,,,,2/23/2011,32.71
,,,,,,2/24/2011,31.2
,,,,,,2/25/2011,32.56
,,,,,,2/28/2011,33.11
,,,,,,3/1/2011,33.87
,,,,,,3/2/2011,33.84
,,,,,,3/3/2011,33.42
,,,,,,3/4/2011,34.69
,,,,,,3/7/2011,35.23
,,,,,,3/8/2011,35.18
,,,,,,3/9/2011,35.27
,,,,,,3/10/2011,34.36
,,,,,,3/11/2011,35.03
,,,,,,3/14/2011,35.01
,,,,,,3/15/2011,33.61
,,,,,,3/16/2011,33.37
,,,,,,3/17/2011,33.51
,,,,,,3/18/2011,34.27
,,,,,,3/21/2011,35.3
,,,,,,3/22/2011,35.54
,,,,,,3/23/2011,36.47
,,,,,,3/24/2011,36.12
,,,,,,3/25/2011,36.39
,,,,,,3/28/2011,36.19
,,,,,,3/29/2011,36.17
,,,,,,3/30/2011,36.53
,,,,,,3/31/2011,36.77
,,,,,,4/1/2011,36.86
,,,,,,4/4/2011,37.58
,,,,,,4/5/2011,38.34
,,,,,,4/6/2011,38.62
,,,,,,4/7/2011,38.73
,,,,,,4/8/2011,39.86
,,,,,,4/11/2011,39.21
,,,,,,4/12/2011,39.09
,,,,,,4/13/2011,39.57
,,,,,,4/14/2011,41.07
,,,,,,4/15/2011,41.84
,,,,,,4/18/2011,42.42
,,,,,,4/19/2011,43
,,,,,,4/20/2011,44.12
,,,,,,4/21/2011,45.54
,,,,,,4/25/2011,45.83
,,,,,,4/26/2011,44.03
,,,,,,4/27/2011,47
,,,,,,4/28/2011,47.26
,,,,,,4/29/2011,46.88
,,,,,,5/2/2011,42.83
,,,,,,5/3/2011,40.58
,,,,,,5/4/2011,38.27
,,,,,,5/5/2011,33.72
,,,,,,5/6/2011,34.48
,,,,,,5/9/2011,36.98
,,,,,,5/10/2011,37.52
,,,,,,5/11/2011,34.39
,,,,,,5/12/2011,33.32
,,,,,,5/13/2011,34.39
,,,,,,5/16/2011,32.85
,,,,,,5/17/2011,33.09
,,,,,,5/18/2011,34.23
,,,,,,5/19/2011,34.26
,,,,,,5/20/2011,34.18
,,,,,,5/23/2011,34.27
,,,,,,5/24/2011,35.77
,,,,,,5/25/2011,36.92
,,,,,,5/26/2011,36.51
,,,,,,5/27/2011,37.03
,,,,,,5/31/2011,37.6
,,,,,,6/1/2011,35.75
,,,,,,6/2/2011,35.29
,,,,,,6/3/2011,35.34
,,,,,,6/6/2011,35.71
,,,,,,6/7/2011,36.12
,,,,,,6/8/2011,36.03
,,,,,,6/9/2011,36.67
,,,,,,6/10/2011,35.25
,,,,,,6/13/2011,33.87
,,,,,,6/14/2011,34.67
,,,,,,6/15/2011,34.88
,,,,,,6/16/2011,34.65
,,,,,,6/17/2011,34.95
,,,,,,6/20/2011,35.09
,,,,,,6/21/2011,35.51
,,,,,,6/22/2011,35.5
,,,,,,6/23/2011,34.37
,,,,,,6/24/2011,33.36
,,,,,,6/27/2011,32.63
,,,,,,6/28/2011,33
,,,,,,6/29/2011,34.01
,,,,,,6/30/2011,33.84
,,,,,,7/1/2011,33
,,,,,,7/5/2011,34.63
,,,,,,7/6/2011,35.1
,,,,,,7/7/2011,35.5
,,,,,,7/8/2011,35.75
,,,,,,7/11/2011,34.9
,,,,,,7/12/2011,35.2
,,,,,,7/13/2011,37.23
,,,,,,7/14/2011,37.41
,,,,,,7/15/2011,38.24
,,,,,,7/18/2011,39.47
,,,,,,7/19/2011,38.01
,,,,,,7/20/2011,39.12
,,,,,,7/21/2011,38.31
,,,,,,7/22/2011,39.07
,,,,,,7/25/2011,39.31
,,,,,,7/26/2011,39.89
,,,,,,7/27/2011,39.17
,,,,,,7/28/2011,38.76
,,,,,,7/29/2011,38.85
,,,,,,8/1/2011,38.29
,,,,,,8/2/2011,39.82
,,,,,,8/3/2011,40.55
,,,,,,8/4/2011,37.61
,,,,,,8/5/2011,37.32
,,,,,,8/8/2011,37.97
,,,,,,8/9/2011,36.32
,,,,,,8/10/2011,38.44
,,,,,,8/11/2011,37.8
,,,,,,8/12/2011,38.12
,,,,,,8/15/2011,38.67
,,,,,,8/16/2011,39.03
,,,,,,8/17/2011,39.33
,,,,,,8/18/2011,39.66
,,,,,,8/19/2011,41.68
,,,,,,8/22/2011,42.63
,,,,,,8/23/2011,40.63
,,,,,,8/24/2011,38.83
,,,,,,8/25/2011,40
,,,,,,8/26/2011,40.41
,,,,,,8/29/2011,39.72
,,,,,,8/30/2011,40.4
,,,,,,8/31/2011,40.45
,,,,,,9/1/2011,40.52
,,,,,,9/2/2011,42.18
,,,,,,9/6/2011,41.05
,,,,,,9/7/2011,40.53
,,,,,,9/8/2011,41.22
,,,,,,9/9/2011,40.52
,,,,,,9/12/2011,39.14
,,,,,,9/13/2011,39.87
,,,,,,9/14/2011,39.6
,,,,,,9/15/2011,38.79
,,,,,,9/16/2011,39.39
,,,,,,9/19/2011,38.65
,,,,,,9/20/2011,38.83
,,,,,,9/21/2011,38.56
,,,,,,9/22/2011,34.92
,,,,,,9/23/2011,29.98
,,,,,,9/26/2011,29.77
,,,,,,9/27/2011,31.17
,,,,,,9/28/2011,28.87
,,,,,,9/29/2011,29.96
,,,,,,9/30/2011,28.91
,,,,,,10/3/2011,29.49
,,,,,,10/4/2011,29.09
,,,,,,10/5/2011,29.66
,,,,,,10/6/2011,31.2
,,,,,,10/7/2011,30.23
,,,,,,10/10/2011,31.26
,,,,,,10/11/2011,31.38
,,,,,,10/12/2011,31.77
,,,,,,10/13/2011,30.94
,,,,,,10/14/2011,31.34
,,,,,,10/17/2011,31.04
,,,,,,10/18/2011,31.33
,,,,,,10/19/2011,30.23
,,,,,,10/20/2011,29.73
,,,,,,10/21/2011,30.48
,,,,,,10/24/2011,30.87
,,,,,,10/25/2011,32.43
,,,,,,10/26/2011,32.5
,,,,,,10/27/2011,32.92
,,,,,,10/28/2011,34.27
,,,,,,10/31/2011,33.44
,,,,,,11/1/2011,32.33
,,,,,,11/2/2011,33.25
,,,,,,11/3/2011,33.62
,,,,,,11/4/2011,33.2
,,,,,,11/7/2011,34.08
,,,,,,11/8/2011,34
,,,,,,11/9/2011,33.1
,,,,,,11/10/2011,33.14
,,,,,,11/11/2011,33.74
,,,,,,11/14/2011,33.33
,,,,,,11/15/2011,33.66
,,,,,,11/16/2011,32.82
,,,,,,11/17/2011,30.64
,,,,,,11/18/2011,31.4
,,,,,,11/21/2011,30.76
,,,,,,11/22/2011,31.89
,,,,,,11/23/2011,30.93
,,,,,,11/25/2011,30.2
,,,,,,11/28/2011,31.27
,,,,,,11/29/2011,31.03
,,,,,,11/30/2011,32
,,,,,,12/1/2011,31.86
,,,,,,12/2/2011,31.65
,,,,,,12/5/2011,31.05
,,,,,,12/6/2011,31.93
,,,,,,12/7/2011,31.61
,,,,,,12/8/2011,30.7
,,,,,,12/9/2011,31.33
,,,,,,12/12/2011,30.49
,,,,,,12/13/2011,29.82
,,,,,,12/14/2011,28.07
,,,,,,12/15/2011,28.22
,,,,,,12/16/2011,28.85
,,,,,,12/19/2011,27.96
,,,,,,12/20/2011,28.77
,,,,,,12/21/2011,28.6
,,,,,,12/22/2011,28.36
,,,,,,12/23/2011,28.28
,,,,,,12/27/2011,27.87
,,,,,,12/28/2011,26.27
,,,,,,12/29/2011,27.07
,,,,,,12/30/2011,26.94
,,,,,,1/3/2012,28.83
,,,,,,1/4/2012,28.39
,,,,,,1/5/2012,28.51
,,,,,,1/6/2012,27.91
,,,,,,1/9/2012,28.13
,,,,,,1/10/2012,29.05
,,,,,,1/11/2012,29.14
,,,,,,1/12/2012,29.31
,,,,,,1/13/2012,28.82
,,,,,,1/17/2012,29.19
,,,,,,1/18/2012,29.65
,,,,,,1/19/2012,29.74
,,,,,,1/20/2012,31.22
,,,,,,1/23/2012,31.39
,,,,,,1/24/2012,31.08
,,,,,,1/25/2012,32.37
,,,,,,1/26/2012,32.43
,,,,,,1/27/2012,32.96
,,,,,,1/30/2012,32.53
,,,,,,1/31/2012,32.28
,,,,,,2/1/2012,32.77
,,,,,,2/2/2012,33.36
,,,,,,2/3/2012,32.69
,,,,,,2/6/2012,32.68
,,,,,,2/7/2012,33.26
,,,,,,2/8/2012,33.04
,,,,,,2/9/2012,32.9
,,,,,,2/10/2012,32.51
,,,,,,2/13/2012,32.75
,,,,,,2/14/2012,32.54
,,,,,,2/15/2012,32.45
,,,,,,2/16/2012,32.57
,,,,,,2/17/2012,32.28
,,,,,,2/21/2012,33.38
,,,,,,2/22/2012,33.44
,,,,,,2/23/2012,34.4
,,,,,,2/24/2012,34.37
,,,,,,2/27/2012,34.36
,,,,,,2/28/2012,35.83
,,,,,,2/29/2012,33.55
,,,,,,3/1/2012,34.44
,,,,,,3/2/2012,33.76
,,,,,,3/5/2012,33.03
,,,,,,3/6/2012,32.01
,,,,,,3/7/2012,32.41
,,,,,,3/8/2012,32.85
,,,,,,3/9/2012,33.22
,,,,,,3/12/2012,32.63
,,,,,,3/13/2012,32.26
,,,,,,3/14/2012,31.27
,,,,,,3/15/2012,31.53
,,,,,,3/16/2012,31.59
,,,,,,3/19/2012,31.98
,,,,,,3/20/2012,31.15
,,,,,,3/21/2012,31.21
,,,,,,3/22/2012,30.54
,,,,,,3/23/2012,31.24
,,,,,,3/26/2012,31.94
,,,,,,3/27/2012,31.59
,,,,,,3/28/2012,31.15
,,,,,,3/29/2012,31.35
,,,,,,3/30/2012,31.38
,,,,,,4/2/2012,32.05
,,,,,,4/3/2012,31.65
,,,,,,4/4/2012,30.33
,,,,,,4/5/2012,30.72
,,,,,,4/9/2012,30.59
,,,,,,4/10/2012,30.79
,,,,,,4/11/2012,30.65
,,,,,,4/12/2012,31.42
,,,,,,4/13/2012,30.55
,,,,,,4/16/2012,30.56
,,,,,,4/17/2012,30.8
,,,,,,4/18/2012,30.64
,,,,,,4/19/2012,30.8
,,,,,,4/20/2012,30.75
,,,,,,4/23/2012,29.97
,,,,,,4/24/2012,29.93
,,,,,,4/25/2012,29.86
,,,,,,4/26/2012,30.18
,,,,,,4/27/2012,30.37
,,,,,,4/30/2012,30.11
,,,,,,5/1/2012,30.06
,,,,,,5/2/2012,29.78
,,,,,,5/3/2012,29.29
,,,,,,5/4/2012,29.41
,,,,,,5/7/2012,29.21
,,,,,,5/8/2012,28.65
,,,,,,5/9/2012,28.38
,,,,,,5/10/2012,28.25
,,,,,,5/11/2012,28.08
,,,,,,5/14/2012,27.42
,,,,,,5/15/2012,26.86
,,,,,,5/16/2012,26.37
,,,,,,5/17/2012,27.24
,,,,,,5/18/2012,27.79
,,,,,,5/21/2012,27.68
,,,,,,5/22/2012,27.34
,,,,,,5/23/2012,27.05
,,,,,,5/24/2012,27.44
,,,,,,5/25/2012,27.62
,,,,,,5/29/2012,27.1
,,,,,,5/30/2012,27.12
,,,,,,5/31/2012,26.96
,,,,,,6/1/2012,27.62
,,,,,,6/4/2012,27.46
,,,,,,6/5/2012,27.72
,,,,,,6/6/2012,28.51
,,,,,,6/7/2012,27.79
,,,,,,6/8/2012,27.75
,,,,,,6/11/2012,27.79
,,,,,,6/12/2012,28.12
,,,,,,6/13/2012,28.01
,,,,,,6/14/2012,27.82
,,,,,,6/15/2012,27.81
,,,,,,6/18/2012,27.87
,,,,,,6/19/2012,27.64
,,,,,,6/20/2012,27.26
,,,,,,6/21/2012,26.12
,,,,,,6/22/2012,26.15
,,,,,,6/25/2012,26.71
,,,,,,6/26/2012,26.3
,,,,,,6/27/2012,26.13
,,,,,,6/28/2012,25.63
,,,,,,6/29/2012,26.65
,,,,,,7/2/2012,26.73
,,,,,,7/3/2012,27.49
,,,,,,7/5/2012,26.88
,,,,,,7/6/2012,26.3
,,,,,,7/9/2012,26.54
,,,,,,7/10/2012,26.06
,,,,,,7/11/2012,26.25
,,,,,,7/12/2012,26.35
,,,,,,7/13/2012,26.44
,,,,,,7/16/2012,26.49
,,,,,,7/17/2012,26.47
,,,,,,7/18/2012,26.42
,,,,,,7/19/2012,26.42
,,,,,,7/20/2012,26.48
,,,,,,7/23/2012,26.21
,,,,,,7/24/2012,26.22
,,,,,,7/25/2012,26.53
,,,,,,7/26/2012,26.71
,,,,,,7/27/2012,26.96
,,,,,,7/30/2012,27.36
,,,,,,7/31/2012,27.12
,,,,,,8/1/2012,26.54
,,,,,,8/2/2012,26.31
,,,,,,8/3/2012,26.96
,,,,,,8/6/2012,27.11
,,,,,,8/7/2012,27.27
,,,,,,8/8/2012,27.21
,,,,,,8/9/2012,27.29
,,,,,,8/10/2012,27.26
,,,,,,8/13/2012,26.92
,,,,,,8/14/2012,26.96
,,,,,,8/15/2012,26.97
,,,,,,8/16/2012,27.37
,,,,,,8/17/2012,27.23
,,,,,,8/20/2012,27.95
,,,,,,8/21/2012,28.37
,,,,,,8/22/2012,28.92
,,,,,,8/23/2012,29.6
,,,,,,8/24/2012,29.74
,,,,,,8/27/2012,29.74
,,,,,,8/28/2012,29.93
,,,,,,8/29/2012,29.75
,,,,,,8/30/2012,29.44
,,,,,,8/31/2012,30.79
,,,,,,9/4/2012,31.36
,,,,,,9/5/2012,31.27
,,,,,,9/6/2012,31.67
,,,,,,9/7/2012,32.64
,,,,,,9/10/2012,32.29
,,,,,,9/11/2012,32.41
,,,,,,9/12/2012,32.21
,,,,,,9/13/2012,33.61
,,,,,,9/14/2012,33.6
,,,,,,9/17/2012,32.99
,,,,,,9/18/2012,33.71
,,,,,,9/19/2012,33.57
,,,,,,9/20/2012,33.58
,,,,,,9/21/2012,33.48
,,,,,,9/24/2012,32.93
,,,,,,9/25/2012,32.68
,,,,,,9/26/2012,32.87
,,,,,,9/27/2012,33.58
,,,,,,9/28/2012,33.48
,,,,,,10/1/2012,33.65
,,,,,,10/2/2012,33.5
,,,,,,10/3/2012,33.51
,,,,,,10/4/2012,33.93
,,,,,,10/5/2012,33.45
,,,,,,10/8/2012,32.97
,,,,,,10/9/2012,32.83
,,,,,,10/10/2012,32.95
,,,,,,10/11/2012,32.9
,,,,,,10/12/2012,32.45
,,,,,,10/15/2012,31.66
,,,,,,10/16/2012,31.93
,,,,,,10/17/2012,32.12
,,,,,,10/18/2012,31.73
,,,,,,10/19/2012,31.09
,,,,,,10/22/2012,31.39
,,,,,,10/23/2012,30.68
,,,,,,10/24/2012,30.71
,,,,,,10/25/2012,31.12
,,,,,,10/26/2012,31.08
,,,,,,10/31/2012,31.27
,,,,,,11/1/2012,31.22
,,,,,,11/2/2012,29.95
,,,,,,11/5/2012,30.17
,,,,,,11/6/2012,31.01
,,,,,,11/7/2012,30.83
,,,,,,11/8/2012,31.38
,,,,,,11/9/2012,31.54
,,,,,,11/12/2012,31.37
,,,,,,11/13/2012,31.4
,,,,,,11/14/2012,31.64
,,,,,,11/15/2012,31.53
,,,,,,11/16/2012,31.21
,,,,,,11/19/2012,32.05
,,,,,,11/20/2012,32.1
,,,,,,11/21/2012,32.29
,,,,,,11/23/2012,32.98
,,,,,,11/26/2012,33.02
,,,,,,11/27/2012,32.93
,,,,,,11/28/2012,32.62
,,,,,,11/29/2012,33.13
,,,,,,11/30/2012,32.36
,,,,,,12/3/2012,32.52
,,,,,,12/4/2012,31.9
,,,,,,12/5/2012,31.82
,,,,,,12/6/2012,31.93
,,,,,,12/7/2012,32.03
,,,,,,12/10/2012,32.14
,,,,,,12/11/2012,31.91
,,,,,,12/12/2012,32.37
,,,,,,12/13/2012,31.53
,,,,,,12/14/2012,31.17
,,,,,,12/17/2012,31.2
,,,,,,12/18/2012,30.65
,,,,,,12/19/2012,30.11
,,,,,,12/20/2012,29
,,,,,,12/21/2012,29
,,,,,,12/24/2012,28.94
,,,,,,12/26/2012,29.01
,,,,,,12/27/2012,29.24
,,,,,,12/28/2012,29.1
,,,,,,12/31/2012,29.37
,,,,,,1/2/2013,29.92
,,,,,,1/3/2013,29.18
,,,,,,1/4/2013,29.24
,,,,,,1/7/2013,29.18
,,,,,,1/8/2013,29.38
,,,,,,1/9/2013,29.35
,,,,,,1/10/2013,29.78
,,,,,,1/11/2013,29.48
,,,,,,1/14/2013,30.04
,,,,,,1/15/2013,30.36
,,,,,,1/16/2013,30.45
,,,,,,1/17/2013,30.67
,,,,,,1/18/2013,30.81
,,,,,,1/22/2013,31.12
,,,,,,1/23/2013,31.19
,,,,,,1/24/2013,30.65
,,,,,,1/25/2013,30.21
,,,,,,1/28/2013,29.85
,,,,,,1/29/2013,30.32
,,,,,,1/30/2013,30.92
,,,,,,1/31/2013,30.44
,,,,,,2/1/2013,30.78
,,,,,,2/4/2013,30.69
,,,,,,2/5/2013,30.76
,,,,,,2/6/2013,30.81
,,,,,,2/7/2013,30.46
,,,,,,2/8/2013,30.43
,,,,,,2/11/2013,30
,,,,,,2/12/2013,30.09
,,,,,,2/13/2013,29.77
,,,,,,2/14/2013,29.46
,,,,,,2/15/2013,28.83
,,,,,,2/19/2013,28.45
,,,,,,2/20/2013,27.59
,,,,,,2/21/2013,27.73
,,,,,,2/22/2013,27.83
,,,,,,2/25/2013,28.07
,,,,,,2/26/2013,28.41
,,,,,,2/27/2013,28.01
,,,,,,2/28/2013,27.54
,,,,,,3/1/2013,27.62
,,,,,,3/4/2013,27.6
,,,,,,3/5/2013,27.75
,,,,,,3/6/2013,28.1
,,,,,,3/7/2013,27.91
,,,,,,3/8/2013,28.01
,,,,,,3/11/2013,28.02
,,,,,,3/12/2013,28.2
,,,,,,3/13/2013,27.94
,,,,,,3/14/2013,27.8
,,,,,,3/15/2013,27.8
,,,,,,3/18/2013,27.95
,,,,,,3/19/2013,27.93
,,,,,,3/20/2013,27.81
,,,,,,3/21/2013,28.18
,,,,,,3/22/2013,27.75
,,,,,,3/25/2013,27.84
,,,,,,3/26/2013,27.75
,,,,,,3/27/2013,27.73
,,,,,,3/28/2013,27.43
,,,,,,4/1/2013,27.09
,,,,,,4/2/2013,26.35
,,,,,,4/3/2013,26.09
,,,,,,4/4/2013,25.99
,,,,,,4/5/2013,26.39
,,,,,,4/8/2013,26.32
,,,,,,4/9/2013,27.03
,,,,,,4/10/2013,26.68
,,,,,,4/11/2013,26.7
,,,,,,4/12/2013,25.28
,,,,,,4/15/2013,22.09
,,,,,,4/16/2013,22.67
,,,,,,4/17/2013,22.44
,,,,,,4/18/2013,22.4
,,,,,,4/19/2013,22.4
,,,,,,4/22/2013,22.62
,,,,,,4/23/2013,22.18
,,,,,,4/24/2013,22.42
,,,,,,4/25/2013,23.49
,,,,,,4/26/2013,23.1
,,,,,,4/29/2013,23.54
,,,,,,4/30/2013,23.46
,,,,,,5/1/2013,22.86
,,,,,,5/2/2013,23.02
,,,,,,5/3/2013,23.29
,,,,,,5/6/2013,23.18
,,,,,,5/7/2013,23.1
,,,,,,5/8/2013,23.12
,,,,,,5/9/2013,22.89
,,,,,,5/10/2013,22.98
,,,,,,5/13/2013,22.83
,,,,,,5/14/2013,22.57
,,,,,,5/15/2013,21.76
,,,,,,5/16/2013,21.95
,,,,,,5/17/2013,21.4
,,,,,,5/20/2013,22.28
,,,,,,5/21/2013,21.62
,,,,,,5/22/2013,21.51
,,,,,,5/23/2013,21.88
,,,,,,5/24/2013,21.61
,,,,,,5/28/2013,21.53
,,,,,,5/29/2013,21.71
,,,,,,5/30/2013,21.98
,,,,,,5/31/2013,21.44
,,,,,,6/3/2013,21.98
,,,,,,6/4/2013,21.77
,,,,,,6/5/2013,21.78
,,,,,,6/6/2013,21.93
,,,,,,6/7/2013,20.86
,,,,,,6/10/2013,21.16
,,,,,,6/11/2013,20.91
,,,,,,6/12/2013,21.02
,,,,,,6/13/2013,21.04
,,,,,,6/14/2013,21.33
,,,,,,6/17/2013,21.1
,,,,,,6/18/2013,20.88
,,,,,,6/19/2013,20.6
,,,,,,6/20/2013,18.97
,,,,,,6/21/2013,19.39
,,,,,,6/24/2013,18.97
,,,,,,6/25/2013,18.91
,,,,,,6/26/2013,17.89
,,,,,,6/27/2013,17.89
,,,,,,6/28/2013,18.97
,,,,,,7/1/2013,18.93
,,,,,,7/2/2013,18.68
,,,,,,7/3/2013,19.02
,,,,,,7/5/2013,18.21
,,,,,,7/8/2013,18.42
,,,,,,7/9/2013,18.57
,,,,,,7/10/2013,18.48
,,,,,,7/11/2013,19.49
,,,,,,7/12/2013,19.21
,,,,,,7/15/2013,19.28
,,,,,,7/16/2013,19.33
,,,,,,7/17/2013,18.66
,,,,,,7/18/2013,18.72
,,,,,,7/19/2013,18.88
,,,,,,7/22/2013,19.77
,,,,,,7/23/2013,19.77
,,,,,,7/24/2013,19.47
,,,,,,7/25/2013,19.5
,,,,,,7/26/2013,19.32
,,,,,,7/29/2013,19.14
,,,,,,7/30/2013,19.03
,,,,,,7/31/2013,19.14
,,,,,,8/1/2013,18.97
,,,,,,8/2/2013,19.12
,,,,,,8/5/2013,19.01
,,,,,,8/6/2013,18.83
,,,,,,8/7/2013,18.83
,,,,,,8/8/2013,19.6
,,,,,,8/9/2013,19.76
,,,,,,8/12/2013,20.62
,,,,,,8/13/2013,20.71
,,,,,,8/14/2013,21.09
,,,,,,8/15/2013,22.15
,,,,,,8/16/2013,22.34
,,,,,,8/19/2013,22.34
,,,,,,8/20/2013,22.19
,,,,,,8/21/2013,22.14
,,,,,,8/22/2013,22.27
,,,,,,8/23/2013,23.15
,,,,,,8/26/2013,23.46
,,,,,,8/27/2013,23.59
,,,,,,8/28/2013,23.43
,,,,,,8/29/2013,23
,,,,,,8/30/2013,22.6
,,,,,,9/3/2013,23.39
,,,,,,9/4/2013,22.69
,,,,,,9/5/2013,22.38
,,,,,,9/6/2013,22.97
,,,,,,9/9/2013,22.84
,,,,,,9/10/2013,22.13
,,,,,,9/11/2013,22.29
,,,,,,9/12/2013,21.06
,,,,,,9/13/2013,21.42
,,,,,,9/16/2013,20.94
,,,,,,9/17/2013,20.96
,,,,,,9/18/2013,22.31
,,,,,,9/19/2013,22.2
,,,,,,9/20/2013,21
,,,,,,9/23/2013,20.78
,,,,,,9/24/2013,20.89
,,,,,,9/25/2013,20.98
,,,,,,9/26/2013,20.92
,,,,,,9/27/2013,20.96
,,,,,,9/30/2013,20.9
,,,,,,10/1/2013,20.42
,,,,,,10/2/2013,20.92
,,,,,,10/3/2013,20.92
,,,,,,10/4/2013,20.93
,,,,,,10/7/2013,21.53
,,,,,,10/8/2013,21.49
,,,,,,10/9/2013,21.05
,,,,,,10/10/2013,20.83
,,,,,,10/11/2013,20.52
,,,,,,10/14/2013,20.5
,,,,,,10/15/2013,20.56
,,,,,,10/16/2013,20.5
,,,,,,10/17/2013,21.05
,,,,,,10/18/2013,21.11
,,,,,,10/21/2013,21.41
,,,,,,10/22/2013,21.87
,,,,,,10/23/2013,21.75
,,,,,,10/24/2013,21.87
,,,,,,10/25/2013,21.71
,,,,,,10/28/2013,21.68
,,,,,,10/29/2013,21.69
,,,,,,10/30/2013,21.88
,,,,,,10/31/2013,21.1
,,,,,,11/1/2013,21.08
,,,,,,11/4/2013,20.85
,,,,,,11/5/2013,20.9
,,,,,,11/6/2013,21
,,,,,,11/7/2013,20.83
,,,,,,11/8/2013,20.69
,,,,,,11/11/2013,20.6
,,,,,,11/12/2013,20
,,,,,,11/13/2013,19.78
,,,,,,11/14/2013,20.05
,,,,,,11/15/2013,20
,,,,,,11/18/2013,19.67
,,,,,,11/19/2013,19.61
,,,,,,11/20/2013,19.14
,,,,,,11/21/2013,19.24
,,,,,,11/22/2013,19.13
,,,,,,11/25/2013,19.27
,,,,,,11/26/2013,19.13
,,,,,,11/27/2013,18.96
,,,,,,11/29/2013,19.24
,,,,,,12/2/2013,18.46
,,,,,,12/3/2013,18.42
,,,,,,12/4/2013,19
,,,,,,12/5/2013,18.69
,,,,,,12/6/2013,18.76
,,,,,,12/9/2013,19.12
,,,,,,12/10/2013,19.66
,,,,,,12/11/2013,19.55
,,,,,,12/12/2013,18.81
,,,,,,12/13/2013,18.95
,,,,,,12/16/2013,19.22
,,,,,,12/17/2013,19.14
,,,,,,12/18/2013,19.09
,,,,,,12/19/2013,18.49
,,,,,,12/20/2013,18.62
,,,,,,12/23/2013,18.72
,,,,,,12/24/2013,18.76
,,,,,,12/26/2013,19.02
,,,,,,12/27/2013,19.27
,,,,,,12/30/2013,18.85
,,,,,,12/31/2013,18.71
,,,,,,1/2/2014,19.23
,,,,,,1/3/2014,19.42
,,,,,,1/6/2014,19.42
,,,,,,1/7/2014,19.13
,,,,,,1/8/2014,18.83
,,,,,,1/9/2014,18.84
,,,,,,1/10/2014,19.38
,,,,,,1/13/2014,19.68
,,,,,,1/14/2014,19.42
,,,,,,1/15/2014,19.4
,,,,,,1/16/2014,19.35
,,,,,,1/17/2014,19.51
,,,,,,1/21/2014,19.17
,,,,,,1/22/2014,19.03
,,,,,,1/23/2014,19.26
,,,,,,1/24/2014,19.16
,,,,,,1/27/2014,18.89
,,,,,,1/28/2014,18.85
,,,,,,1/29/2014,19.02
,,,,,,1/30/2014,18.49
,,,,,,1/31/2014,18.45
,,,,,,2/3/2014,18.61
,,,,,,2/4/2014,18.75
,,,,,,2/5/2014,19.07
,,,,,,2/6/2014,19.17
,,,,,,2/7/2014,19.27
,,,,,,2/10/2014,19.29
,,,,,,2/11/2014,19.45
,,,,,,2/12/2014,19.43
,,,,,,2/13/2014,19.74
,,,,,,2/14/2014,20.65
,,,,,,2/18/2014,21.13
,,,,,,2/19/2014,20.63
,,,,,,2/20/2014,21
,,,,,,2/21/2014,20.97
,,,,,,2/24/2014,21.18
,,,,,,2/25/2014,21.02
,,,,,,2/26/2014,20.42
,,,,,,2/27/2014,20.46
,,,,,,2/28/2014,20.35
,,,,,,3/3/2014,20.62
,,,,,,3/4/2014,20.37
,,,,,,3/5/2014,20.36
,,,,,,3/6/2014,20.66
,,,,,,3/7/2014,20.08
,,,,,,3/10/2014,20.01
,,,,,,3/11/2014,20.04
,,,,,,3/12/2014,20.47
,,,,,,3/13/2014,20.36
,,,,,,3/14/2014,20.62
,,,,,,3/17/2014,20.33
,,,,,,3/18/2014,20.01
,,,,,,3/19/2014,19.79
,,,,,,3/20/2014,19.52
,,,,,,3/21/2014,19.52
,,,,,,3/24/2014,19.21
,,,,,,3/25/2014,19.22
,,,,,,3/26/2014,19.02
,,,,,,3/27/2014,19
,,,,,,3/28/2014,19.06
,,,,,,3/31/2014,19.04
,,,,,,4/1/2014,19.06
,,,,,,4/2/2014,19.19
,,,,,,4/3/2014,19.06
,,,,,,4/4/2014,19.16
,,,,,,4/7/2014,19.13
,,,,,,4/8/2014,19.23
,,,,,,4/9/2014,19.11
,,,,,,4/10/2014,19.27
,,,,,,4/11/2014,19.19
,,,,,,4/14/2014,19.21
,,,,,,4/15/2014,18.88
,,,,,,4/16/2014,18.88
,,,,,,4/17/2014,18.88
,,,,,,4/21/2014,18.67
,,,,,,4/22/2014,18.71
,,,,,,4/23/2014,18.69
,,,,,,4/24/2014,18.92
,,,,,,4/25/2014,18.94
,,,,,,4/28/2014,18.85
,,,,,,4/29/2014,18.76
,,,,,,4/30/2014,18.46
,,,,,,5/1/2014,18.35
,,,,,,5/2/2014,18.69
,,,,,,5/5/2014,18.84
,,,,,,5/6/2014,18.8
,,,,,,5/7/2014,18.57
,,,,,,5/8/2014,18.44
,,,,,,5/9/2014,18.42
,,,,,,5/12/2014,18.78
,,,,,,5/13/2014,18.77
,,,,,,5/14/2014,19
,,,,,,5/15/2014,18.74
,,,,,,5/16/2014,18.61
,,,,,,5/19/2014,18.63
,,,,,,5/20/2014,18.65
,,,,,,5/21/2014,18.64
,,,,,,5/22/2014,18.73
,,,,,,5/23/2014,18.66
,,,,,,5/27/2014,18.36
,,,,,,5/28/2014,18.28
,,,,,,5/29/2014,18.3
,,,,,,5/30/2014,18.08
,,,,,,6/2/2014,18.02
,,,,,,6/3/2014,18.1
,,,,,,6/4/2014,18.06
,,,,,,6/5/2014,18.26
,,,,,,6/6/2014,18.28
,,,,,,6/9/2014,18.32
,,,,,,6/10/2014,18.46
,,,,,,6/11/2014,18.46
,,,,,,6/12/2014,18.76
,,,,,,6/13/2014,18.92
,,,,,,6/16/2014,18.85
,,,,,,6/17/2014,18.94
,,,,,,6/18/2014,19.05
,,,,,,6/19/2014,19.92
,,,,,,6/20/2014,20.03
,,,,,,6/23/2014,20.05
,,,,,,6/24/2014,20.08
,,,,,,6/25/2014,20.19
,,,,,,6/26/2014,20.24
,,,,,,6/27/2014,20.17
,,,,,,6/30/2014,20.25
,,,,,,7/1/2014,20.21
,,,,,,7/2/2014,20.3
,,,,,,7/3/2014,20.29
,,,,,,7/7/2014,20.17
,,,,,,7/8/2014,20.21
,,,,,,7/9/2014,20.27
,,,,,,7/10/2014,20.52
,,,,,,7/11/2014,20.57
,,,,,,7/14/2014,20.1
,,,,,,7/15/2014,19.88
,,,,,,7/16/2014,19.91
,,,,,,7/17/2014,20.29
,,,,,,7/18/2014,20.02
,,,,,,7/21/2014,20.1
,,,,,,7/22/2014,20.1
,,,,,,7/23/2014,20.08
,,,,,,7/24/2014,19.58
,,,,,,7/25/2014,19.87
,,,,,,7/28/2014,19.81
,,,,,,7/29/2014,19.78
,,,,,,7/30/2014,19.78
,,,,,,7/31/2014,19.58
,,,,,,8/1/2014,19.52
,,,,,,8/4/2014,19.4
,,,,,,8/5/2014,19.05
,,,,,,8/6/2014,19.23
,,,,,,8/7/2014,19.17
,,,,,,8/8/2014,19.19
,,,,,,8/11/2014,19.23
,,,,,,8/12/2014,19.17
,,,,,,8/13/2014,19.04
,,,,,,8/14/2014,19.1
,,,,,,8/15/2014,18.86
,,,,,,8/18/2014,18.87
,,,,,,8/19/2014,18.7
,,,,,,8/20/2014,18.72
,,,,,,8/21/2014,18.69
,,,,,,8/22/2014,18.69
,,,,,,8/25/2014,18.6
,,,,,,8/26/2014,18.63
,,,,,,8/27/2014,18.66
,,,,,,8/28/2014,18.74
,,,,,,8/29/2014,18.71
,,,,,,9/2/2014,18.41
,,,,,,9/3/2014,18.43
,,,,,,9/4/2014,18.32
,,,,,,9/5/2014,18.42
,,,,,,9/8/2014,18.26
,,,,,,9/9/2014,18.31
,,,,,,9/10/2014,18.24
,,,,,,9/11/2014,17.96
,,,,,,9/12/2014,17.89
,,,,,,9/15/2014,17.92
,,,,,,9/16/2014,17.95
,,,,,,9/17/2014,17.77
,,,,,,9/18/2014,17.77
,,,,,,9/19/2014,17.19
,,,,,,9/22/2014,17.08
,,,,,,9/23/2014,17.07
,,,,,,9/24/2014,16.99
,,,,,,9/25/2014,16.83
,,,,,,9/26/2014,16.9
,,,,,,9/29/2014,16.78
,,,,,,9/30/2014,16.35
,,,,,,10/1/2014,16.48
,,,,,,10/2/2014,16.41
,,,,,,10/3/2014,16.12
,,,,,,10/6/2014,16.6
,,,,,,10/7/2014,16.48
,,,,,,10/8/2014,16.68
,,,,,,10/9/2014,16.62
,,,,,,10/10/2014,16.64
,,,,,,10/13/2014,16.73
,,,,,,10/14/2014,16.68
,,,,,,10/15/2014,16.71
,,,,,,10/16/2014,16.67
,,,,,,10/17/2014,16.58
,,,,,,10/20/2014,16.73
,,,,,,10/21/2014,16.81
,,,,,,10/22/2014,16.46
,,,,,,10/23/2014,16.5
,,,,,,10/24/2014,16.5
,,,,,,10/27/2014,16.42
,,,,,,10/28/2014,16.49
,,,,,,10/29/2014,16.38
,,,,,,10/30/2014,15.82
,,,,,,10/31/2014,15.5
,,,,,,11/3/2014,15.48
,,,,,,11/4/2014,15.36
,,,,,,11/5/2014,14.66
,,,,,,11/6/2014,14.82
,,,,,,11/7/2014,15.1
,,,,,,11/10/2014,14.92
,,,,,,11/11/2014,15.11
,,,,,,11/12/2014,15.03
,,,,,,11/13/2014,14.97
,,,,,,11/14/2014,15.63
,,,,,,11/17/2014,15.5
,,,,,,11/18/2014,15.55
,,,,,,11/19/2014,15.48
,,,,,,11/20/2014,15.6
,,,,,,11/21/2014,15.79
,,,,,,11/24/2014,15.78
,,,,,,11/25/2014,15.98
,,,,,,11/26/2014,15.87
,,,,,,11/28/2014,14.83
,,,,,,12/1/2014,15.78
,,,,,,12/2/2014,15.75
,,,,,,12/3/2014,15.73
,,,,,,12/4/2014,15.77
,,,,,,12/5/2014,15.61
,,,,,,12/8/2014,15.71
,,,,,,12/9/2014,16.32
,,,,,,12/10/2014,16.37
,,,,,,12/11/2014,16.33
,,,,,,12/12/2014,16.3
,,,,,,12/15/2014,15.47
,,,,,,12/16/2014,15.08
,,,,,,12/17/2014,15.1
,,,,,,12/18/2014,15.25
,,,,,,12/19/2014,15.39
,,,,,,12/22/2014,14.99
,,,,,,12/23/2014,15.04
,,,,,,12/24/2014,15.09
,,,,,,12/26/2014,15.35
,,,,,,12/29/2014,15.11
,,,,,,12/30/2014,15.58
,,,,,,12/31/2014,15.06
,,,,,,1/2/2015,15.11
,,,,,,1/5/2015,15.5
,,,,,,1/6/2015,15.83
,,,,,,1/7/2015,15.85
,,,,,,1/8/2015,15.64
,,,,,,1/9/2015,15.77
,,,,,,1/12/2015,15.87
,,,,,,1/13/2015,16.29
,,,,,,1/14/2015,16.13
,,,,,,1/15/2015,16.15
,,,,,,1/16/2015,16.95
,,,,,,1/20/2015,17.18
,,,,,,1/21/2015,17.37
,,,,,,1/22/2015,17.61
,,,,,,1/23/2015,17.51
,,,,,,1/26/2015,17.13
,,,,,,1/27/2015,17.33
,,,,,,1/28/2015,17.23
,,,,,,1/29/2015,16.24
,,,,,,1/30/2015,16.54
,,,,,,2/2/2015,16.47
,,,,,,2/3/2015,16.55
,,,,,,2/4/2015,16.63
,,,,,,2/5/2015,16.58
,,,,,,2/6/2015,16.03
,,,,,,2/9/2015,16.32
,,,,,,2/10/2015,16.19
,,,,,,2/11/2015,16.08
,,,,,,2/12/2015,16.15
,,,,,,2/13/2015,16.54
,,,,,,2/17/2015,15.83
,,,,,,2/18/2015,15.75
,,,,,,2/19/2015,15.7
,,,,,,2/20/2015,15.54
,,,,,,2/23/2015,15.63
,,,,,,2/24/2015,15.56
,,,,,,2/25/2015,15.83
,,,,,,2/26/2015,15.84
,,,,,,2/27/2015,15.87
,,,,,,3/2/2015,15.66
,,,,,,3/3/2015,15.58
,,,,,,3/4/2015,15.49
,,,,,,3/5/2015,15.53
,,,,,,3/6/2015,15.19
,,,,,,3/9/2015,15.1
,,,,,,3/10/2015,15.02
,,,,,,3/11/2015,14.84
,,,,,,3/12/2015,14.92
,,,,,,3/13/2015,14.9
,,,,,,3/16/2015,14.99
,,,,,,3/17/2015,14.9
,,,,,,3/18/2015,15.36
,,,,,,3/19/2015,15.44
,,,,,,3/20/2015,16
,,,,,,3/23/2015,16.3
,,,,,,3/24/2015,16.28
,,,,,,3/25/2015,16.24
,,,,,,3/26/2015,16.3
,,,,,,3/27/2015,16.22
,,,,,,3/30/2015,15.98
,,,,,,3/31/2015,15.93
,,,,,,4/1/2015,16.23
,,,,,,4/2/2015,16.02
,,,,,,4/6/2015,16.27
,,,,,,4/7/2015,16.15
,,,,,,4/8/2015,15.81
,,,,,,4/9/2015,15.51
,,,,,,4/10/2015,15.77
,,,,,,4/13/2015,15.6
,,,,,,4/14/2015,15.51
,,,,,,4/15/2015,15.63
,,,,,,4/16/2015,15.57
,,,,,,4/17/2015,15.56
,,,,,,4/20/2015,15.29
,,,,,,4/21/2015,15.32
,,,,,,4/22/2015,15.11
,,,,,,4/23/2015,15.21
,,,,,,4/24/2015,15.06
,,,,,,4/27/2015,15.66
,,,,,,4/28/2015,15.87
,,,,,,4/29/2015,15.81
,,,,,,4/30/2015,15.43
,,,,,,5/1/2015,15.47
,,,,,,5/4/2015,15.7
,,,,,,5/5/2015,15.81
,,,,,,5/6/2015,15.77
,,,,,,5/7/2015,15.6
,,,,,,5/8/2015,15.76
,,,,,,5/11/2015,15.57
,,,,,,5/12/2015,15.81
,,,,,,5/13/2015,16.35
,,,,,,5/14/2015,16.65
,,,,,,5/15/2015,16.75
,,,,,,5/18/2015,16.89
,,,,,,5/19/2015,16.38
,,,,,,5/20/2015,16.37
,,,,,,5/21/2015,16.39
,,,,,,5/22/2015,16.34
,,,,,,5/26/2015,16.02
,,,,,,5/27/2015,15.96
,,,,,,5/28/2015,15.97
,,,,,,5/29/2015,15.99
,,,,,,6/1/2015,16
,,,,,,6/2/2015,16.07
,,,,,,6/3/2015,15.83
,,,,,,6/4/2015,15.48
,,,,,,6/5/2015,15.39
,,,,,,6/8/2015,15.32
,,,,,,6/9/2015,15.29
,,,,,,6/10/2015,15.32
,,,,,,6/11/2015,15.33
,,,,,,6/12/2015,15.25
,,,,,,6/15/2015,15.4
,,,,,,6/16/2015,15.32
,,,,,,6/17/2015,15.45
,,,,,,6/18/2015,15.46
,,,,,,6/19/2015,15.42
,,,,,,6/22/2015,15.49
,,,,,,6/23/2015,15.14
,,,,,,6/24/2015,15.19
,,,,,,6/25/2015,15.17
,,,,,,6/26/2015,15.11
,,,,,,6/29/2015,15.03
,,,,,,6/30/2015,15.03
,,,,,,7/1/2015,14.9
,,,,,,7/2/2015,14.95
,,,,,,7/6/2015,14.99
,,,,,,7/7/2015,14.43
,,,,,,7/8/2015,14.46
,,,,,,7/9/2015,14.76
,,,,,,7/10/2015,14.88
,,,,,,7/13/2015,14.81
,,,,,,7/14/2015,14.69
,,,,,,7/15/2015,14.43
,,,,,,7/16/2015,14.35
,,,,,,7/17/2015,14.23
,,,,,,7/20/2015,14.05
,,,,,,7/21/2015,14.14
,,,,,,7/22/2015,14.14
,,,,,,7/23/2015,14
,,,,,,7/24/2015,14.02
,,,,,,7/27/2015,13.92
,,,,,,7/28/2015,14.02
,,,,,,7/29/2015,14.15
,,,,,,7/30/2015,14.09
,,,,,,7/31/2015,14.08
,,,,,,8/3/2015,13.87
,,,,,,8/4/2015,13.92
,,,,,,8/5/2015,13.95
,,,,,,8/6/2015,13.99
,,,,,,8/7/2015,14.11
,,,,,,8/10/2015,14.54
,,,,,,8/11/2015,14.64
,,,,,,8/12/2015,14.82
,,,,,,8/13/2015,14.71
,,,,,,8/14/2015,14.55
,,,,,,8/17/2015,14.63
,,,,,,8/18/2015,14.22
,,,,,,8/19/2015,14.57
,,,,,,8/20/2015,14.78
,,,,,,8/21/2015,14.61
,,,,,,8/24/2015,14.13
,,,,,,8/25/2015,13.99
,,,,,,8/26/2015,13.56
,,,,,,8/27/2015,13.8
,,,,,,8/28/2015,13.92
,,,,,,8/31/2015,13.99
,,,,,,9/1/2015,13.94
,,,,,,9/2/2015,14.02
,,,,,,9/3/2015,14.02
,,,,,,9/4/2015,13.92
,,,,,,9/8/2015,14.12
,,,,,,9/9/2015,13.93
,,,,,,9/10/2015,13.99
,,,,,,9/11/2015,13.95
,,,,,,9/14/2015,13.79
,,,,,,9/15/2015,13.77
,,,,,,9/16/2015,14.22
,,,,,,9/17/2015,14.42
,,,,,,9/18/2015,14.47
,,,,,,9/21/2015,14.49
,,,,,,9/22/2015,14.14
,,,,,,9/23/2015,14.12
,,,,,,9/24/2015,14.43
,,,,,,9/25/2015,14.4
,,,,,,9/28/2015,13.94
,,,,,,9/29/2015,13.97
,,,,,,9/30/2015,13.87
,,,,,,10/1/2015,13.9
,,,,,,10/2/2015,14.55
,,,,,,10/5/2015,14.89
,,,,,,10/6/2015,15.07
,,,,,,10/7/2015,15.29
,,,,,,10/8/2015,14.99
,,,,,,10/9/2015,15.12
,,,,,,10/12/2015,15.13
,,,,,,10/13/2015,15.16
,,,,,,10/14/2015,15.42
,,,,,,10/15/2015,15.39
,,,,,,10/16/2015,15.28
,,,,,,10/19/2015,15.11
,,,,,,10/20/2015,15.19
,,,,,,10/21/2015,14.99
,,,,,,10/22/2015,15.11
,,,,,,10/23/2015,15.12
,,,,,,10/26/2015,15.11
,,,,,,10/27/2015,15.13
,,,,,,10/28/2015,15.26
,,,,,,10/29/2015,14.88
,,,,,,10/30/2015,14.8
,,,,,,11/2/2015,14.72
,,,,,,11/3/2015,14.58
,,,,,,11/4/2015,14.38
,,,,,,11/5/2015,14.3
,,,,,,11/6/2015,14.08
,,,,,,11/9/2015,13.89
,,,,,,11/10/2015,13.76
,,,,,,11/11/2015,13.64
,,,,,,11/12/2015,13.64
,,,,,,11/13/2015,13.59
,,,,,,11/16/2015,13.6
,,,,,,11/17/2015,13.55
,,,,,,11/18/2015,13.52
,,,,,,11/19/2015,13.62
,,,,,,11/20/2015,13.5
,,,,,,11/23/2015,13.45
,,,,,,11/24/2015,13.51
,,,,,,11/25/2015,13.52
,,,,,,11/27/2015,13.46
,,,,,,11/30/2015,13.44
,,,,,,12/1/2015,13.51
,,,,,,12/2/2015,13.37
,,,,,,12/3/2015,13.46
,,,,,,12/4/2015,13.87
,,,,,,12/7/2015,13.62
,,,,,,12/8/2015,13.51
,,,,,,12/9/2015,13.49
,,,,,,12/10/2015,13.45
,,,,,,12/11/2015,13.3
,,,,,,12/14/2015,13.06
,,,,,,12/15/2015,13.11
,,,,,,12/16/2015,13.49
,,,,,,12/17/2015,13.08
,,,,,,12/18/2015,13.43
,,,,,,12/21/2015,13.59
,,,,,,12/22/2015,13.59
,,,,,,12/23/2015,13.62
,,,,,,12/24/2015,13.69
,,,,,,12/28/2015,13.29
,,,,,,12/29/2015,13.27
,,,,,,12/30/2015,13.21
,,,,,,12/31/2015,13.19
,,,,,,1/4/2016,13.19
,,,,,,1/5/2016,13.31
,,,,,,1/6/2016,13.36
,,,,,,1/7/2016,13.62
,,,,,,1/8/2016,13.3
,,,,,,1/11/2016,13.22
,,,,,,1/12/2016,13.17
,,,,,,1/13/2016,13.49
,,,,,,1/14/2016,13.19
,,,,,,1/15/2016,13.24
,,,,,,1/19/2016,13.36
,,,,,,1/20/2016,13.48
,,,,,,1/21/2016,13.46
,,,,,,1/22/2016,13.38
,,,,,,1/25/2016,13.58
,,,,,,1/26/2016,13.82
,,,,,,1/27/2016,13.81
,,,,,,1/28/2016,13.57
,,,,,,1/29/2016,13.59
,,,,,,2/1/2016,13.67
,,,,,,2/2/2016,13.62
,,,,,,2/3/2016,13.95
,,,,,,2/4/2016,14.17
,,,,,,2/5/2016,14.34
,,,,,,2/8/2016,14.59
,,,,,,2/9/2016,14.51
,,,,,,2/10/2016,14.55
,,,,,,2/11/2016,14.95
,,,,,,2/12/2016,14.99
,,,,,,2/16/2016,14.51
,,,,,,2/17/2016,14.54
,,,,,,2/18/2016,14.76
,,,,,,2/19/2016,14.64
,,,,,,2/22/2016,14.43
,,,,,,2/23/2016,14.54
,,,,,,2/24/2016,14.52
,,,,,,2/25/2016,14.41
,,,,,,2/26/2016,14.02
,,,,,,2/29/2016,14.2
,,,,,,3/1/2016,14.17
,,,,,,3/2/2016,14.25
,,,,,,3/3/2016,14.5
,,,,,,3/4/2016,14.76
,,,,,,3/7/2016,14.9
,,,,,,3/8/2016,14.62
,,,,,,3/9/2016,14.53
,,,,,,3/10/2016,14.82
,,,,,,3/11/2016,14.72
,,,,,,3/14/2016,14.58
,,,,,,3/15/2016,14.54
,,,,,,3/16/2016,14.87
,,,,,,3/17/2016,15.16
,,,,,,3/18/2016,15.03
,,,,,,3/21/2016,15.06
,,,,,,3/22/2016,15.12
,,,,,,3/23/2016,14.51
,,,,,,3/24/2016,14.43
,,,,,,3/28/2016,14.46
,,,,,,3/29/2016,14.6
,,,,,,3/30/2016,14.49
,,,,,,3/31/2016,14.68
,,,,,,4/1/2016,14.34
,,,,,,4/4/2016,14.2
,,,,,,4/5/2016,14.42
,,,,,,4/6/2016,14.34
,,,,,,4/7/2016,14.48
,,,,,,4/8/2016,14.62
,,,,,,4/11/2016,15.14
,,,,,,4/12/2016,15.41
,,,,,,4/13/2016,15.44
,,,,,,4/14/2016,15.34
,,,,,,4/15/2016,15.46
,,,,,,4/18/2016,15.42
,,,,,,4/19/2016,16.12
,,,,,,4/20/2016,16.14
,,,,,,4/21/2016,16.21
,,,,,,4/22/2016,16.13
,,,,,,4/25/2016,16.17
,,,,,,4/26/2016,16.29
,,,,,,4/27/2016,16.38
,,,,,,4/28/2016,16.77
,,,,,,4/29/2016,16.98
,,,,,,5/2/2016,16.64
,,,,,,5/3/2016,16.57
,,,,,,5/4/2016,16.49
,,,,,,5/5/2016,16.51
,,,,,,5/6/2016,16.63
,,,,,,5/9/2016,16.12
,,,,,,5/10/2016,16.28
,,,,,,5/11/2016,16.56
,,,,,,5/12/2016,16.22
,,,,,,5/13/2016,16.28
,,,,,,5/16/2016,16.32
,,,,,,5/17/2016,16.41
,,,,,,5/18/2016,16
,,,,,,5/19/2016,15.67
,,,,,,5/20/2016,15.69
,,,,,,5/23/2016,15.59
,,,,,,5/24/2016,15.42
,,,,,,5/25/2016,15.5
,,,,,,5/26/2016,15.53
,,,,,,5/27/2016,15.39
,,,,,,5/31/2016,15.19
,,,,,,6/1/2016,15.17
,,,,,,6/2/2016,15.22
,,,,,,6/3/2016,15.61
,,,,,,6/6/2016,15.68
,,,,,,6/7/2016,15.6
,,,,,,6/8/2016,16.21
,,,,,,6/9/2016,16.47
,,,,,,6/10/2016,16.49
,,,,,,6/13/2016,16.58
,,,,,,6/14/2016,16.54
,,,,,,6/15/2016,16.69
,,,,,,6/16/2016,16.31
,,,,,,6/17/2016,16.6
,,,,,,6/20/2016,16.65
,,,,,,6/21/2016,16.38
,,,,,,6/22/2016,16.42
,,,,,,6/23/2016,16.49
,,,,,,6/24/2016,16.89
,,,,,,6/27/2016,16.87
,,,,,,6/28/2016,16.91
,,,,,,6/29/2016,17.37
,,,,,,6/30/2016,17.86
,,,,,,7/1/2016,18.74
,,,,,,7/5/2016,18.98
,,,,,,7/6/2016,19.1
,,,,,,7/7/2016,18.71
,,,,,,7/8/2016,19.22
,,,,,,7/11/2016,19.3
,,,,,,7/12/2016,19.09
,,,,,,7/13/2016,19.39
,,,,,,7/14/2016,19.25
,,,,,,7/15/2016,19.08
,,,,,,7/18/2016,19.1
,,,,,,7/19/2016,18.92
,,,,,,7/20/2016,18.42
,,,,,,7/21/2016,18.88
,,,,,,7/22/2016,18.67
,,,,,,7/25/2016,18.54
,,,,,,7/26/2016,18.66
,,,,,,7/27/2016,19.37
,,,,,,7/28/2016,19.21
,,,,,,7/29/2016,19.35
,,,,,,8/1/2016,19.43
,,,,,,8/2/2016,19.6
,,,,,,8/3/2016,19.38
,,,,,,8/4/2016,19.35
,,,,,,8/5/2016,18.71
,,,,,,8/8/2016,18.74
,,,,,,8/9/2016,18.87
,,,,,,8/10/2016,19.16
,,,,,,8/11/2016,18.96
,,,,,,8/12/2016,18.72
,,,,,,8/15/2016,18.83
,,,,,,8/16/2016,18.82
,,,,,,8/17/2016,18.68
,,,,,,8/18/2016,18.77
,,,,,,8/19/2016,18.35
,,,,,,8/22/2016,17.97
,,,,,,8/23/2016,17.93
,,,,,,8/24/2016,17.62
,,,,,,8/25/2016,17.63
,,,,,,8/26/2016,17.72
,,,,,,8/29/2016,17.9
,,,,,,8/30/2016,17.67
,,,,,,8/31/2016,17.72
,,,,,,9/1/2016,17.94
,,,,,,9/2/2016,18.44
,,,,,,9/6/2016,19.05
,,,,,,9/7/2016,18.78
,,,,,,9/8/2016,18.62
,,,,,,9/9/2016,18.11
,,,,,,9/12/2016,18.17
,,,,,,9/13/2016,17.93
,,,,,,9/14/2016,18.02
,,,,,,9/15/2016,18.04
,,,,,,9/16/2016,17.86
,,,,,,9/19/2016,18.2
,,,,,,9/20/2016,18.27
,,,,,,9/21/2016,18.85
,,,,,,9/22/2016,18.9
,,,,,,9/23/2016,18.68
,,,,,,9/26/2016,18.41
,,,,,,9/27/2016,18.17
,,,,,,9/28/2016,18.21
,,,,,,9/29/2016,18.11
,,,,,,9/30/2016,18.2
,,,,,,10/3/2016,17.87
,,,,,,10/4/2016,16.94
,,,,,,10/5/2016,16.85
,,,,,,10/6/2016,16.44
,,,,,,10/7/2016,16.6
,,,,,,10/10/2016,16.73
,,,,,,10/11/2016,16.56
,,,,,,10/12/2016,16.65
,,,,,,10/13/2016,16.61
,,,,,,10/14/2016,16.56
,,,,,,10/17/2016,16.57
,,,,,,10/18/2016,16.72
,,,,,,10/19/2016,16.79
,,,,,,10/20/2016,16.64
,,,,,,10/21/2016,16.65
,,,,,,10/24/2016,16.7
,,,,,,10/25/2016,16.86
,,,,,,10/26/2016,16.71
,,,,,,10/27/2016,16.73
,,,,,,10/28/2016,16.87
,,,,,,10/31/2016,16.97
,,,,,,11/1/2016,17.41
,,,,,,11/2/2016,17.56
,,,,,,11/3/2016,17.42
,,,,,,11/4/2016,17.46
,,,,,,11/7/2016,17.29
,,,,,,11/8/2016,17.4
,,,,,,11/9/2016,17.45
,,,,,,11/10/2016,17.56
,,,,,,11/11/2016,16.47
,,,,,,11/14/2016,16
,,,,,,11/15/2016,16.19
,,,,,,11/16/2016,16.09
,,,,,,11/17/2016,15.84
,,,,,,11/18/2016,15.73
,,,,,,11/21/2016,15.72
,,,,,,11/22/2016,15.8
,,,,,,11/23/2016,15.52
,,,,,,11/25/2016,15.63
,,,,,,11/28/2016,15.77
,,,,,,11/29/2016,15.78
,,,,,,11/30/2016,15.66
,,,,,,12/1/2016,15.66
,,,,,,12/2/2016,15.83
,,,,,,12/5/2016,15.88
,,,,,,12/6/2016,15.85
,,,,,,12/7/2016,16.23
,,,,,,12/8/2016,16.14
,,,,,,12/9/2016,15.97
,,,,,,12/12/2016,16.19
,,,,,,12/13/2016,16.04
,,,,,,12/14/2016,15.93
,,,,,,12/15/2016,15.18
,,,,,,12/16/2016,15.27
,,,,,,12/19/2016,15.17
,,,,,,12/20/2016,15.24
,,,,,,12/21/2016,15.12
,,,,,,12/22/2016,14.98
,,,,,,12/23/2016,14.91
,,,,,,12/27/2016,15.13
,,,,,,12/28/2016,15.2
,,,,,,12/29/2016,15.32
,,,,,,12/30/2016,15.11
,,,,,,1/3/2017,15.44
,,,,,,1/4/2017,15.58
,,,,,,1/5/2017,15.76
,,,,,,1/6/2017,15.64
,,,,,,1/9/2017,15.7
,,,,,,1/10/2017,15.91
,,,,,,1/11/2017,15.87
,,,,,,1/12/2017,15.91
,,,,,,1/13/2017,15.94
,,,,,,1/17/2017,16.28
,,,,,,1/18/2017,16.19
,,,,,,1/19/2017,16.12
,,,,,,1/20/2017,16.19
,,,,,,1/23/2017,16.29
,,,,,,1/24/2017,16.22
,,,,,,1/25/2017,16.1
,,,,,,1/26/2017,15.93
,,,,,,1/27/2017,16.22
,,,,,,1/30/2017,16.23
,,,,,,1/31/2017,16.63
,,,,,,2/1/2017,16.61
,,,,,,2/2/2017,16.56
,,,,,,2/3/2017,16.57
,,,,,,2/6/2017,16.82
,,,,,,2/7/2017,16.79
,,,,,,2/8/2017,16.84
,,,,,,2/9/2017,16.75
,,,,,,2/10/2017,17.02
,,,,,,2/13/2017,16.89
,,,,,,2/14/2017,17.01
,,,,,,2/15/2017,17.04
,,,,,,2/16/2017,17.15
,,,,,,2/17/2017,17.06
,,,,,,2/21/2017,17.03
,,,,,,2/22/2017,17.11
,,,,,,2/23/2017,17.24
,,,,,,2/24/2017,17.4
,,,,,,2/27/2017,17.27
,,,,,,2/28/2017,17.37
,,,,,,3/1/2017,17.44
,,,,,,3/2/2017,16.8
,,,,,,3/3/2017,16.98
,,,,,,3/6/2017,16.83
,,,,,,3/7/2017,16.55
,,,,,,3/8/2017,16.32
,,,,,,3/9/2017,16.06
,,,,,,3/10/2017,16.15
,,,,,,3/13/2017,16.07
,,,,,,3/14/2017,15.99
,,,,,,3/15/2017,16.43
,,,,,,3/16/2017,16.4
,,,,,,3/17/2017,16.47
,,,,,,3/20/2017,16.51
,,,,,,3/21/2017,16.61
,,,,,,3/22/2017,16.62
,,,,,,3/23/2017,16.67
,,,,,,3/24/2017,16.81
,,,,,,3/27/2017,17.15
,,,,,,3/28/2017,17.18
,,,,,,3/29/2017,17.25
,,,,,,3/30/2017,17.15
,,,,,,3/31/2017,17.25
,,,,,,4/3/2017,17.24
,,,,,,4/4/2017,17.33
,,,,,,4/5/2017,17.32
,,,,,,4/6/2017,17.26
,,,,,,4/7/2017,17.03
,,,,,,4/10/2017,17
,,,,,,4/11/2017,17.31
,,,,,,4/12/2017,17.46
,,,,,,4/13/2017,17.53
,,,,,,4/17/2017,17.43
,,,,,,4/18/2017,17.34
,,,,,,4/19/2017,17.18
,,,,,,4/20/2017,17.06
,,,,,,4/21/2017,17.02
,,,,,,4/24/2017,16.98
,,,,,,4/25/2017,16.68
,,,,,,4/26/2017,16.57
,,,,,,4/27/2017,16.37
,,,,,,4/28/2017,16.3
,,,,,,5/1/2017,15.99
,,,,,,5/2/2017,15.93
,,,,,,5/3/2017,15.59
,,,,,,5/4/2017,15.43
,,,,,,5/5/2017,15.5
,,,,,,5/8/2017,15.41
,,,,,,5/9/2017,15.3
,,,,,,5/10/2017,15.35
,,,,,,5/11/2017,15.45
,,,,,,5/12/2017,15.57
,,,,,,5/15/2017,15.75
,,,,,,5/16/2017,15.93
,,,,,,5/17/2017,16
,,,,,,5/18/2017,15.71
,,,,,,5/19/2017,15.94
,,,,,,5/22/2017,16.23
,,,,,,5/23/2017,16.15
,,,,,,5/24/2017,16.28
,,,,,,5/25/2017,16.23
,,,,,,5/26/2017,16.4
,,,,,,5/30/2017,16.47
,,,,,,5/31/2017,16.39
,,,,,,6/1/2017,16.38
,,,,,,6/2/2017,16.59
,,,,,,6/5/2017,16.63
,,,,,,6/6/2017,16.76
,,,,,,6/7/2017,16.65
,,,,,,6/8/2017,16.49
,,,,,,6/9/2017,16.28
,,,,,,6/12/2017,16.04
,,,,,,6/13/2017,15.95
,,,,,,6/14/2017,15.95
,,,,,,6/15/2017,15.88
,,,,,,6/16/2017,15.79
,,,,,,6/19/2017,15.61
,,,,,,6/20/2017,15.59
,,,,,,6/21/2017,15.54
,,,,,,6/22/2017,15.68
,,,,,,6/23/2017,15.79
,,,,,,6/26/2017,15.68
,,,,,,6/27/2017,15.79
,,,,,,6/28/2017,15.92
,,,,,,6/29/2017,15.73
,,,,,,6/30/2017,15.71
,,,,,,7/3/2017,15.3
,,,,,,7/5/2017,15.18
,,,,,,7/6/2017,15.15
,,,,,,7/7/2017,14.73
,,,,,,7/10/2017,14.83
,,,,,,7/11/2017,14.99
,,,,,,7/12/2017,15.05
,,,,,,7/13/2017,14.87
,,,,,,7/14/2017,15.08
,,,,,,7/17/2017,15.22
,,,,,,7/18/2017,15.38
,,,,,,7/19/2017,15.4
,,,,,,7/20/2017,15.42
,,,,,,7/21/2017,15.6
,,,,,,7/24/2017,15.58
,,,,,,7/25/2017,15.59
,,,,,,7/26/2017,15.75
,,,,,,7/27/2017,15.68
,,,,,,7/28/2017,15.81
,,,,,,7/31/2017,15.9
,,,,,,8/1/2017,15.79
,,,,,,8/2/2017,15.67
,,,,,,8/3/2017,15.72
,,,,,,8/4/2017,15.38
,,,,,,8/7/2017,15.33
,,,,,,8/8/2017,15.56
,,,,,,8/9/2017,15.98
,,,,,,8/10/2017,16.18
,,,,,,8/11/2017,16.17
,,,,,,8/14/2017,16.13
,,,,,,8/15/2017,15.74
,,,,,,8/16/2017,16.15
,,,,,,8/17/2017,16.12
,,,,,,8/18/2017,16.1
,,,,,,8/21/2017,16.07
,,,,,,8/22/2017,16.07
,,,,,,8/23/2017,16.15
,,,,,,8/24/2017,16.03
,,,,,,8/25/2017,16.11
,,,,,,8/28/2017,16.5
,,,,,,8/29/2017,16.42
,,,,,,8/30/2017,16.46
,,,,,,8/31/2017,16.65
,,,,,,9/1/2017,16.73
,,,,,,9/5/2017,16.91
,,,,,,9/6/2017,16.87
,,,,,,9/7/2017,17.1
,,,,,,9/8/2017,17.02
,,,,,,9/11/2017,16.77
,,,,,,9/12/2017,16.89
,,,,,,9/13/2017,16.76
,,,,,,9/14/2017,16.77
,,,,,,9/15/2017,16.62
,,,,,,9/18/2017,16.27
,,,,,,9/19/2017,16.36
,,,,,,9/20/2017,16.19
,,,,,,9/21/2017,16.03
,,,,,,9/22/2017,16.05
,,,,,,9/25/2017,16.21
,,,,,,9/26/2017,15.91
,,,,,,9/27/2017,15.83
,,,,,,9/28/2017,15.92
,,,,,,9/29/2017,15.74
,,,,,,10/2/2017,15.67
,,,,,,10/3/2017,15.71
,,,,,,10/4/2017,15.69
,,,,,,10/5/2017,15.69
,,,,,,10/6/2017,15.85
,,,,,,10/9/2017,16.02
,,,,,,10/10/2017,16.15
,,,,,,10/11/2017,16.25
,,,,,,10/12/2017,16.26
,,,,,,10/13/2017,16.41
,,,,,,10/16/2017,16.25
,,,,,,10/17/2017,16.09
,,,,,,10/18/2017,16.06
,,,,,,10/19/2017,16.27
,,,,,,10/20/2017,16.08
,,,,,,10/23/2017,16.14
,,,,,,10/24/2017,16.02
,,,,,,10/25/2017,16.01
,,,,,,10/26/2017,15.85
,,,,,,10/27/2017,15.91
,,,,,,10/30/2017,15.91
,,,,,,10/31/2017,15.79
,,,,,,11/1/2017,16.18
,,,,,,11/2/2017,16.17
,,,,,,11/3/2017,15.92
,,,,,,11/6/2017,16.27
,,,,,,11/7/2017,16.01
,,,,,,11/8/2017,16.06
,,,,,,11/9/2017,16.07
,,,,,,11/10/2017,15.95
,,,,,,11/13/2017,16.09
,,,,,,11/14/2017,16.08
,,,,,,11/15/2017,16.03
,,,,,,11/16/2017,16.12
,,,,,,11/17/2017,16.31
,,,,,,11/20/2017,15.98
,,,,,,11/21/2017,16.01
,,,,,,11/22/2017,16.17
,,,,,,11/24/2017,16.08
,,,,,,11/27/2017,16.1
,,,,,,11/28/2017,15.91
,,,,,,11/29/2017,15.64
,,,,,,11/30/2017,15.51
,,,,,,12/1/2017,15.53
,,,,,,12/4/2017,15.44
,,,,,,12/5/2017,15.23
,,,,,,12/6/2017,15.1
,,,,,,12/7/2017,14.87
,,,,,,12/8/2017,14.96
,,,,,,12/11/2017,14.85
,,,,,,12/12/2017,14.86
,,,,,,12/13/2017,15.15
,,,,,,12/14/2017,15.02
,,,,,,12/15/2017,15.15
,,,,,,12/18/2017,15.22
,,,,,,12/19/2017,15.22
,,,,,,12/20/2017,15.25
,,,,,,12/21/2017,15.22
,,,,,,12/22/2017,15.4
,,,,,,12/26/2017,15.59
,,,,,,12/27/2017,15.73
,,,,,,12/28/2017,15.88
,,,,,,12/29/2017,15.99
,,,,,,1/2/2018,16.21
,,,,,,1/3/2018,16.17
,,,,,,1/4/2018,16.23
,,,,,,1/5/2018,16.22
,,,,,,1/8/2018,16.15
,,,,,,1/9/2018,16.03
,,,,,,1/10/2018,16.02
,,,,,,1/11/2018,16.01
,,,,,,1/12/2018,16.27
,,,,,,1/16/2018,16.25
,,,,,,1/17/2018,16.06
,,,,,,1/18/2018,15.97
,,,,,,1/19/2018,16.05
,,,,,,1/22/2018,16.04
,,,,,,1/23/2018,16.08
,,,,,,1/24/2018,16.56
,,,,,,1/25/2018,16.31
,,,,,,1/26/2018,16.41
,,,,,,1/29/2018,16.21
,,,,,,1/30/2018,16.15
,,,,,,1/31/2018,16.35
,,,,,,2/1/2018,16.25
,,,,,,2/2/2018,15.66
,,,,,,2/5/2018,15.74
,,,,,,2/6/2018,15.65
,,,,,,2/7/2018,15.41
,,,,,,2/8/2018,15.46
,,,,,,2/9/2018,15.39
,,,,,,2/12/2018,15.57
,,,,,,2/13/2018,15.62
,,,,,,2/14/2018,15.91
,,,,,,2/15/2018,15.91
,,,,,,2/16/2018,15.73
,,,,,,2/20/2018,15.54
,,,,,,2/21/2018,15.54
,,,,,,2/22/2018,15.66
,,,,,,2/23/2018,15.59
,,,,,,2/26/2018,15.68
,,,,,,2/27/2018,15.48
,,,,,,2/28/2018,15.46
,,,,,,3/1/2018,15.54
,,,,,,3/2/2018,15.56
,,,,,,3/5/2018,15.49
,,,,,,3/6/2018,15.78
,,,,,,3/7/2018,15.53
,,,,,,3/8/2018,15.55
,,,,,,3/9/2018,15.63
,,,,,,3/12/2018,15.61
,,,,,,3/13/2018,15.61
,,,,,,3/14/2018,15.61
,,,,,,3/15/2018,15.45
,,,,,,3/16/2018,15.39
,,,,,,3/19/2018,15.39
,,,,,,3/20/2018,15.28
,,,,,,3/21/2018,15.65
,,,,,,3/22/2018,15.44
,,,,,,3/23/2018,15.58
,,,,,,3/26/2018,15.72
,,,,,,3/27/2018,15.57
,,,,,,3/28/2018,15.36
,,,,,,3/29/2018,15.41
,,,,,,4/2/2018,15.65
,,,,,,4/3/2018,15.46
,,,,,,4/4/2018,15.38
,,,,,,4/5/2018,15.45
,,,,,,4/6/2018,15.43
,,,,,,4/9/2018,15.56
,,,,,,4/10/2018,15.62
,,,,,,4/11/2018,15.69
,,,,,,4/12/2018,15.52
,,,,,,4/13/2018,15.68
,,,,,,4/16/2018,15.72
,,,,,,4/17/2018,15.8
,,,,,,4/18/2018,16.18
,,,,,,4/19/2018,16.26
,,,,,,4/20/2018,16.13
,,,,,,4/23/2018,15.67
,,,,,,4/24/2018,15.76
,,,,,,4/25/2018,15.61
,,,,,,4/26/2018,15.58
,,,,,,4/27/2018,15.57
,,,,,,4/30/2018,15.38
,,,,,,5/1/2018,15.24
,,,,,,5/2/2018,15.42
,,,,,,5/3/2018,15.46
,,,,,,5/4/2018,15.54
,,,,,,5/7/2018,15.52
,,,,,,5/8/2018,15.51
,,,,,,5/9/2018,15.53
,,,,,,5/10/2018,15.74
,,,,,,5/11/2018,15.7
,,,,,,5/14/2018,15.56
,,,,,,5/15/2018,15.33
,,,,,,5/16/2018,15.41
,,,,,,5/17/2018,15.47
,,,,,,5/18/2018,15.48
,,,,,,5/21/2018,15.54
,,,,,,5/22/2018,15.58
,,,,,,5/23/2018,15.5
,,,,,,5/24/2018,15.69
,,,,,,5/25/2018,15.53
,,,,,,5/29/2018,15.44
,,,,,,5/30/2018,15.55
,,,,,,5/31/2018,15.55
,,,,,,6/1/2018,15.44
,,,,,,6/4/2018,15.45
,,,,,,6/5/2018,15.52
,,,,,,6/6/2018,15.7
,,,,,,6/7/2018,15.72
,,,,,,6/8/2018,15.78
,,,,,,6/11/2018,15.94
,,,,,,6/12/2018,15.87
,,,,,,6/13/2018,16.08
,,,,,,6/14/2018,16.17
,,,,,,6/15/2018,15.6
,,,,,,6/18/2018,15.51
,,,,,,6/19/2018,15.36
,,,,,,6/20/2018,15.34
,,,,,,6/21/2018,15.36
,,,,,,6/22/2018,15.5
,,,,,,6/25/2018,15.37
,,,,,,6/26/2018,15.33
,,,,,,6/27/2018,15.12
,,,,,,6/28/2018,15.07
,,,,,,6/29/2018,15.15
,,,,,,7/2/2018,14.91
,,,,,,7/3/2018,15.03
,,,,,,7/5/2018,15.1
,,,,,,7/6/2018,15.08
,,,,,,7/9/2018,15.17
,,,,,,7/10/2018,15.12
,,,,,,7/11/2018,14.86
,,,,,,7/12/2018,15
,,,,,,7/13/2018,14.88
,,,,,,7/16/2018,14.85
,,,,,,7/17/2018,14.67
,,,,,,7/18/2018,14.63
,,,,,,7/19/2018,14.42
,,,,,,7/20/2018,14.59
,,,,,,7/23/2018,14.47
,,,,,,7/24/2018,14.58
,,,,,,7/25/2018,14.68
,,,,,,7/26/2018,14.49
,,,,,,7/27/2018,14.57
,,,,,,7/30/2018,14.58
,,,,,,7/31/2018,14.61
,,,,,,8/1/2018,14.48
,,,,,,8/2/2018,14.43
,,,,,,8/3/2018,14.5
,,,,,,8/6/2018,14.4
,,,,,,8/7/2018,14.43
,,,,,,8/8/2018,14.5
,,,,,,8/9/2018,14.52
,,,,,,8/10/2018,14.41
,,,,,,8/13/2018,14.1
,,,,,,8/14/2018,14.17
,,,,,,8/15/2018,13.57
,,,,,,8/16/2018,13.77
,,,,,,8/17/2018,13.92
,,,,,,8/20/2018,13.88
,,,,,,8/21/2018,13.89
,,,,,,8/22/2018,13.88
,,,,,,8/23/2018,13.65
,,,,,,8/24/2018,13.92
,,,,,,8/27/2018,13.99
,,,,,,8/28/2018,13.84
,,,,,,8/29/2018,13.87
,,,,,,8/30/2018,13.7
,,,,,,8/31/2018,13.65
,,,,,,9/4/2018,13.31
,,,,,,9/5/2018,13.35
,,,,,,9/6/2018,13.31
,,,,,,9/7/2018,13.32
,,,,,,9/10/2018,13.31
,,,,,,9/11/2018,13.28
,,,,,,9/12/2018,13.39
,,,,,,9/13/2018,13.35
,,,,,,9/14/2018,13.23
,,,,,,9/17/2018,13.31
,,,,,,9/18/2018,13.31
,,,,,,9/19/2018,13.4
,,,,,,9/20/2018,13.45
,,,,,,9/21/2018,13.44
,,,,,,9/24/2018,13.41
,,,,,,9/25/2018,13.59
,,,,,,9/26/2018,13.49
,,,,,,9/27/2018,13.41
,,,,,,9/28/2018,13.73
,,,,,,10/1/2018,13.62
,,,,,,10/2/2018,13.79
,,,,,,10/3/2018,13.78
,,,,,,10/4/2018,13.71
,,,,,,10/5/2018,13.75
,,,,,,10/8/2018,13.53
,,,,,,10/9/2018,13.53
,,,,,,10/10/2018,13.45
,,,,,,10/11/2018,13.67
,,,,,,10/12/2018,13.74
,,,,,,10/15/2018,13.8
,,,,,,10/16/2018,13.78
,,,,,,10/17/2018,13.74
,,,,,,10/18/2018,13.7
,,,,,,10/19/2018,13.74
,,,,,,10/22/2018,13.68
,,,,,,10/23/2018,13.83
,,,,,,10/24/2018,13.79
,,,,,,10/25/2018,13.74
,,,,,,10/26/2018,13.81
,,,,,,10/29/2018,13.59
,,,,,,10/30/2018,13.61
,,,,,,10/31/2018,13.41
,,,,,,11/1/2018,13.83
,,,,,,11/2/2018,13.86
,,,,,,11/5/2018,13.76
,,,,,,11/6/2018,13.65
,,,,,,11/7/2018,13.67
,,,,,,11/8/2018,13.56
,,,,,,11/9/2018,13.32
,,,,,,11/12/2018,13.17
,,,,,,11/13/2018,13.15
,,,,,,11/14/2018,13.28
,,,,,,11/15/2018,13.42
,,,,,,11/16/2018,13.53
,,,,,,11/19/2018,13.55
,,,,,,11/20/2018,13.45
,,,,,,11/21/2018,13.6
,,,,,,11/23/2018,13.42
,,,,,,11/26/2018,13.39
,,,,,,11/27/2018,13.29
,,,,,,11/28/2018,13.43
,,,,,,11/29/2018,13.43
,,,,,,11/30/2018,13.32
,,,,,,12/3/2018,13.49
,,,,,,12/4/2018,13.62
,,,,,,12/6/2018,13.6
,,,,,,12/7/2018,13.73
,,,,,,12/10/2018,13.65
,,,,,,12/11/2018,13.66
,,,,,,12/12/2018,13.82
,,,,,,12/13/2018,13.86
,,,,,,12/14/2018,13.7
,,,,,,12/17/2018,13.77
,,,,,,12/18/2018,13.75
,,,,,,12/19/2018,13.69
,,,,,,12/20/2018,13.85
,,,,,,12/21/2018,13.74
,,,,,,12/24/2018,13.87
,,,,,,12/26/2018,14.11
,,,,,,12/27/2018,14.3
,,,,,,12/28/2018,14.42
,,,,,,12/31/2018,14.52
,,,,,,1/2/2019,14.56
,,,,,,1/3/2019,14.75
,,,,,,1/4/2019,14.73
,,,,,,1/7/2019,14.67
,,,,,,1/8/2019,14.69
,,,,,,1/9/2019,14.78
,,,,,,1/10/2019,14.6
,,,,,,1/11/2019,14.64
,,,,,,1/14/2019,14.66
,,,,,,1/15/2019,14.6
,,,,,,1/16/2019,14.63
,,,,,,1/17/2019,14.57
,,,,,,1/18/2019,14.37
,,,,,,1/22/2019,14.39
,,,,,,1/23/2019,14.42
,,,,,,1/24/2019,14.36
,,,,,,1/25/2019,14.74
,,,,,,1/28/2019,14.79
,,,,,,1/29/2019,14.88
,,,,,,1/30/2019,15.05
,,,,,,1/31/2019,15.05
,,,,,,2/1/2019,14.92
,,,,,,2/4/2019,14.88
,,,,,,2/5/2019,14.87
,,,,,,2/6/2019,14.68
,,,,,,2/7/2019,14.77
,,,,,,2/8/2019,14.83
,,,,,,2/11/2019,14.72
,,,,,,2/12/2019,14.73
,,,,,,2/13/2019,14.59
,,,,,,2/14/2019,14.65
,,,,,,2/15/2019,14.82
,,,,,,2/19/2019,15.02
,,,,,,2/20/2019,15.07
,,,,,,2/21/2019,14.83
,,,,,,2/22/2019,14.95
,,,,,,2/25/2019,14.9
,,,,,,2/26/2019,14.94
,,,,,,2/27/2019,14.75
,,,,,,2/28/2019,14.63
,,,,,,3/1/2019,14.2
,,,,,,3/4/2019,14.15
,,,,,,3/5/2019,14.2
,,,,,,3/6/2019,14.15
,,,,,,3/7/2019,14.09
,,,,,,3/8/2019,14.41
,,,,,,3/11/2019,14.37
,,,,,,3/12/2019,14.48
,,,,,,3/13/2019,14.51
,,,,,,3/14/2019,14.24
,,,,,,3/15/2019,14.33
,,,,,,3/18/2019,14.39
,,,,,,3/19/2019,14.4
,,,,,,3/20/2019,14.54
,,,,,,3/21/2019,14.5
,,,,,,3/22/2019,14.45
,,,,,,3/25/2019,14.56
,,,,,,3/26/2019,14.47
,,,,,,3/27/2019,14.32
,,,,,,3/28/2019,14.07
,,,,,,3/29/2019,14.18
,,,,,,4/1/2019,14.15
,,,,,,4/2/2019,14.16
,,,,,,4/3/2019,14.2
,,,,,,4/4/2019,14.22
,,,,,,4/5/2019,14.17
,,,,,,4/8/2019,14.31
,,,,,,4/9/2019,14.28
,,,,,,4/10/2019,14.28
,,,,,,4/11/2019,14.02
,,,,,,4/12/2019,14.05
,,,,,,4/15/2019,14.06
,,,,,,4/16/2019,14.07
,,,,,,4/17/2019,14.05
,,,,,,4/18/2019,14.06
,,,,,,4/22/2019,14.08
,,,,,,4/23/2019,13.91
,,,,,,4/24/2019,14
,,,,,,4/25/2019,14
,,,,,,4/26/2019,14.1
,,,,,,4/29/2019,13.99
,,,,,,4/30/2019,14.02
,,,,,,5/1/2019,13.75
,,,,,,5/2/2019,13.71
,,,,,,5/3/2019,13.96
,,,,,,5/6/2019,13.98
,,,,,,5/7/2019,13.98
,,,,,,5/8/2019,13.89
,,,,,,5/9/2019,13.83
,,,,,,5/10/2019,13.84
,,,,,,5/13/2019,13.84
,,,,,,5/14/2019,13.86
,,,,,,5/15/2019,13.85
,,,,,,5/16/2019,13.65
,,,,,,5/17/2019,13.52
,,,,,,5/20/2019,13.55
,,,,,,5/21/2019,13.53
,,,,,,5/22/2019,13.54
,,,,,,5/23/2019,13.68
,,,,,,5/24/2019,13.65
,,,,,,5/28/2019,13.46
,,,,,,5/29/2019,13.52
,,,,,,5/30/2019,13.6
,,,,,,5/31/2019,13.65
,,,,,,6/3/2019,13.87
,,,,,,6/4/2019,13.89
,,,,,,6/5/2019,13.88
,,,,,,6/6/2019,13.92
,,,,,,6/7/2019,14.06
,,,,,,6/10/2019,13.78
,,,,,,6/11/2019,13.81
,,,,,,6/12/2019,13.84
,,,,,,6/13/2019,13.96
,,,,,,6/14/2019,13.91
,,,,,,6/17/2019,13.9
,,,,,,6/18/2019,14.05
,,,,,,6/19/2019,14.17
,,,,,,6/20/2019,14.45
,,,,,,6/21/2019,14.36
,,,,,,6/24/2019,14.46
,,,,,,6/25/2019,14.38
,,,,,,6/26/2019,14.32
,,,,,,6/27/2019,14.28
,,,,,,6/28/2019,14.33
,,,,,,7/1/2019,14.18
,,,,,,7/2/2019,14.29
,,,,,,7/3/2019,14.32
,,,,,,7/5/2019,14.06
,,,,,,7/8/2019,14.05
,,,,,,7/9/2019,14.14
,,,,,,7/10/2019,14.26
,,,,,,7/11/2019,14.17
,,,,,,7/12/2019,14.26
,,,,,,7/15/2019,14.42
,,,,,,7/16/2019,14.54
,,,,,,7/17/2019,14.94
,,,,,,7/18/2019,15.29
,,,,,,7/19/2019,15.17
,,,,,,7/22/2019,15.35
,,,,,,7/23/2019,15.34
,,,,,,7/24/2019,15.52
,,,,,,7/25/2019,15.36
,,,,,,7/26/2019,15.31
,,,,,,7/29/2019,15.4
,,,,,,7/30/2019,15.5
,,,,,,7/31/2019,15.21
,,,,,,8/1/2019,15.34
,,,,,,8/2/2019,15.19
,,,,,,8/5/2019,15.33
,,,,,,8/6/2019,15.38
,,,,,,8/7/2019,15.97
,,,,,,8/8/2019,15.89
,,,,,,8/9/2019,15.89
,,,,,,8/12/2019,15.98
,,,,,,8/13/2019,15.87
,,,,,,8/14/2019,16.08
,,,,,,8/15/2019,16.13
,,,,,,8/16/2019,16.02
,,,,,,8/19/2019,15.79
,,,,,,8/20/2019,16.05
,,,,,,8/21/2019,16.05
,,,,,,8/22/2019,15.97
,,,,,,8/23/2019,16.35
,,,,,,8/26/2019,16.52
,,,,,,8/27/2019,17.03
,,,,,,8/28/2019,17.17
,,,,,,8/29/2019,17.07
,,,,,,8/30/2019,17.15
,,,,,,9/3/2019,17.89
,,,,,,9/4/2019,18.34
,,,,,,9/5/2019,17.41
,,,,,,9/6/2019,16.87
,,,,,,9/9/2019,16.83
,,,,,,9/10/2019,16.85
,,,,,,9/11/2019,16.95
,,,,,,9/12/2019,16.92
,,,,,,9/13/2019,16.31
,,,,,,9/16/2019,16.74
,,,,,,9/17/2019,16.86
,,,,,,9/18/2019,16.55
,,,,,,9/19/2019,16.62
,,,,,,9/20/2019,16.8
,,,,,,9/23/2019,17.51
,,,,,,9/24/2019,17.44
,,,,,,9/25/2019,16.71
,,,,,,9/26/2019,16.67
,,,,,,9/27/2019,16.36
,,,,,,9/30/2019,15.92
,,,,,,10/1/2019,16.15
,,,,,,10/2/2019,16.43
,,,,,,10/3/2019,16.43
,,,,,,10/4/2019,16.41
,,,,,,10/7/2019,16.3
,,,,,,10/8/2019,16.61
,,,,,,10/9/2019,16.6
,,,,,,10/10/2019,16.37
,,,,,,10/11/2019,16.37
,,,,,,10/14/2019,16.49
,,,,,,10/15/2019,16.27
,,,,,,10/16/2019,16.26
,,,,,,10/17/2019,16.4
,,,,,,10/18/2019,16.41
,,,,,,10/21/2019,16.41
,,,,,,10/22/2019,16.37
,,,,,,10/23/2019,16.39
,,,,,,10/24/2019,16.65
,,,,,,10/25/2019,16.89
,,,,,,10/28/2019,16.68
,,,,,,10/29/2019,16.65
,,,,,,10/30/2019,16.73
,,,,,,10/31/2019,16.92
,,,,,,11/1/2019,16.92
,,,,,,11/4/2019,16.85
,,,,,,11/5/2019,16.44
,,,,,,11/6/2019,16.47
,,,,,,11/7/2019,16.47
,,,,,,11/8/2019,15.7
,,,,,,11/11/2019,15.75
,,,,,,11/12/2019,15.72
,,,,,,11/13/2019,15.83
,,,,,,11/14/2019,15.9
,,,,,,11/15/2019,15.85
,,,,,,11/18/2019,15.92
,,,,,,11/19/2019,16.02
,,,,,,11/20/2019,16.04
,,,,,,11/21/2019,15.99
,,,,,,11/22/2019,15.9
,,,,,,11/25/2019,15.78
,,,,,,11/26/2019,15.99
,,,,,,11/27/2019,15.84
,,,,,,11/29/2019,15.92
,,,,,,12/2/2019,15.8
,,,,,,12/3/2019,16.05
,,,,,,12/4/2019,15.76
,,,,,,12/5/2019,15.85
,,,,,,12/6/2019,15.48
,,,,,,12/9/2019,15.5
,,,,,,12/10/2019,15.57
,,,,,,12/11/2019,15.75
,,,,,,12/12/2019,15.85
,,,,,,12/13/2019,15.84
,,,,,,12/16/2019,15.91
,,,,,,12/17/2019,15.88
,,,,,,12/18/2019,15.9
,,,,,,12/19/2019,15.94
,,,,,,12/20/2019,16.04
,,,,,,12/23/2019,16.28
,,,,,,12/24/2019,16.58
,,,,,,12/26/2019,16.73
,,,,,,12/27/2019,16.58
,,,,,,12/30/2019,16.74
,,,,,,12/31/2019,16.68
,,,,,,1/2/2020,16.81
,,,,,,1/3/2020,16.84
,,,,,,1/6/2020,16.94
,,,,,,1/7/2020,17.17
,,,,,,1/8/2020,16.93
,,,,,,1/9/2020,16.72
,,,,,,1/10/2020,16.89
,,,,,,1/13/2020,16.78
,,,,,,1/14/2020,16.62
,,,,,,1/15/2020,16.81
,,,,,,1/16/2020,16.77
,,,,,,1/17/2020,16.82
,,,,,,1/21/2020,16.64
,,,,,,1/22/2020,16.66
,,,,,,1/23/2020,16.61
,,,,,,1/24/2020,16.91
,,,,,,1/27/2020,16.89
,,,,,,1/28/2020,16.32
,,,,,,1/29/2020,16.41
,,,,,,1/30/2020,16.68
,,,,,,1/31/2020,16.82
,,,,,,2/3/2020,16.5
,,,,,,2/4/2020,16.45
,,,,,,2/5/2020,16.46
,,,,,,2/6/2020,16.63
,,,,,,2/7/2020,16.54
,,,,,,2/10/2020,16.61
,,,,,,2/11/2020,16.48
,,,,,,2/12/2020,16.33
,,,,,,2/13/2020,16.46
,,,,,,2/14/2020,16.56
,,,,,,2/18/2020,17.01
,,,,,,2/19/2020,17.23
,,,,,,2/20/2020,17.14
,,,,,,2/21/2020,17.28
,,,,,,2/24/2020,17.4
,,,,,,2/25/2020,16.71
,,,,,,2/26/2020,16.68
,,,,,,2/27/2020,16.47
,,,,,,2/28/2020,15.53
,,,,,,3/2/2020,15.56
,,,,,,3/3/2020,16.02
,,,,,,3/4/2020,16.09
,,,,,,3/5/2020,16.3
,,,,,,3/6/2020,16.18
,,,,,,3/9/2020,15.88
,,,,,,3/10/2020,15.73
,,,,,,3/11/2020,15.63
,,,,,,3/12/2020,14.62
,,,,,,3/13/2020,13.69
,,,,,,3/16/2020,12
,,,,,,3/17/2020,11.88
,,,,,,3/18/2020,11.21
,,,,,,3/19/2020,11.32
,,,,,,3/20/2020,11.62
,,,,,,3/23/2020,12.31
,,,,,,3/24/2020,13.29
,,,,,,3/25/2020,13.51
,,,,,,3/26/2020,13.53
,,,,,,3/27/2020,13.44
,,,,,,3/30/2020,13.16
,,,,,,3/31/2020,13.05
,,,,,,4/1/2020,13.02
,,,,,,4/2/2020,13.53
,,,,,,4/3/2020,13.46
,,,,,,4/6/2020,14.03
,,,,,,4/7/2020,13.99
,,,,,,4/8/2020,13.94
,,,,,,4/9/2020,14.34
,,,,,,4/13/2020,14.4
,,,,,,4/14/2020,14.65
,,,,,,4/15/2020,14.49
,,,,,,4/16/2020,14.51
,,,,,,4/17/2020,14.15
,,,,,,4/20/2020,14.26
,,,,,,4/21/2020,13.88
,,,,,,4/22/2020,14.09
,,,,,,4/23/2020,14.21
,,,,,,4/24/2020,14.21
,,,,,,4/27/2020,14.21
,,,,,,4/28/2020,14.1
,,,,,,4/29/2020,14.28
,,,,,,4/30/2020,13.98
,,,,,,5/1/2020,13.92
,,,,,,5/4/2020,13.77
,,,,,,5/5/2020,13.93
,,,,,,5/6/2020,13.92
,,,,,,5/7/2020,14.26
,,,,,,5/8/2020,14.44
,,,,,,5/11/2020,14.44
,,,,,,5/12/2020,14.42
,,,,,,5/13/2020,14.55
,,,,,,5/14/2020,14.81
,,,,,,5/15/2020,15.51
,,,,,,5/18/2020,15.79
,,,,,,5/19/2020,16.17
,,,,,,5/20/2020,16.36
,,,,,,5/21/2020,15.96
,,,,,,5/22/2020,16.04
,,,,,,5/26/2020,15.97
,,,,,,5/27/2020,16.15
,,,,,,5/28/2020,16.19
,,,,,,5/29/2020,16.66
,,,,,,6/1/2020,17.1
,,,,,,6/2/2020,16.84
,,,,,,6/3/2020,16.48
,,,,,,6/4/2020,16.54
,,,,,,6/5/2020,16.2
,,,,,,6/8/2020,16.59
,,,,,,6/9/2020,16.42
,,,,,,6/10/2020,16.96
,,,,,,6/11/2020,16.44
,,,,,,6/12/2020,16.28
,,,,,,6/15/2020,16.23
,,,,,,6/16/2020,16.26
,,,,,,6/17/2020,16.33
,,,,,,6/18/2020,16.21
,,,,,,6/19/2020,16.49
,,,,,,6/22/2020,16.5
,,,,,,6/23/2020,16.76
,,,,,,6/24/2020,16.28
,,,,,,6/25/2020,16.59
,,,,,,6/26/2020,16.63
,,,,,,6/29/2020,16.65
,,,,,,6/30/2020,17.01