Date,Close
6/25/2007,44.37
7/17/2007,45.49
7/19/2007,45.7
7/24/2007,43.16
7/31/2007,42.15
8/20/2007,42.6
8/21/2007,43.67
8/30/2007,42.93
9/18/2007,45.28
9/19/2007,45.95
9/20/2007,45.42
9/21/2007,45.6
9/25/2007,45.33
9/27/2007,45.68
9/28/2007,45.3
10/1/2007,46.36
10/4/2007,47
10/5/2007,48.19
10/8/2007,47.6
10/9/2007,47.96
10/10/2007,47.74
10/11/2007,47.88
10/15/2007,46.11
10/16/2007,45.6
10/17/2007,45.36
10/18/2007,45.45
10/19/2007,44.12
10/22/2007,44.1
10/23/2007,44.93
10/24/2007,44.6
10/25/2007,44.7
10/26/2007,45.08
10/29/2007,44.78
10/30/2007,45.33
10/31/2007,45
11/1/2007,44.15
11/2/2007,43.34
11/5/2007,42.96
11/6/2007,42.51
11/7/2007,41.98
11/8/2007,41.93
11/12/2007,42.27
11/14/2007,43.45
11/15/2007,42.65
11/16/2007,41.99
11/19/2007,40.98
11/20/2007,40.17
11/21/2007,39.9
11/27/2007,39.36
11/30/2007,41.7
12/3/2007,41.32
12/4/2007,40.45
12/5/2007,41.32
12/6/2007,41.93
12/7/2007,43.18
12/10/2007,43.62
12/11/2007,42.44
12/12/2007,41.15
12/13/2007,40.55
12/14/2007,40.14
12/17/2007,39.09
12/19/2007,39.27
12/20/2007,39.41
12/21/2007,39.89
12/27/2007,39.31
12/28/2007,38.91
12/31/2007,39.14
1/3/2008,37.68
1/4/2008,36.23
1/7/2008,36.31
1/8/2008,35.23
1/9/2008,34.56
1/14/2008,35.49
1/15/2008,35.71
1/16/2008,35.81
1/17/2008,35.02
1/18/2008,34.37
1/22/2008,35.46
1/23/2008,37.5
1/24/2008,37.83
1/25/2008,37.75
1/28/2008,38.91
1/29/2008,39.13
1/30/2008,38.87
1/31/2008,38.75
2/1/2008,40.24
2/4/2008,39.78
2/5/2008,38.84
2/6/2008,38.15
2/7/2008,38.05
2/8/2008,37.49
2/11/2008,36.87
2/12/2008,37.24
2/13/2008,37.58
2/14/2008,37.63
2/15/2008,37.22
2/19/2008,37.06
2/20/2008,37.29
2/21/2008,37
2/22/2008,37.44
2/25/2008,38.84
2/26/2008,38.74
2/27/2008,38.69
2/28/2008,37.95
2/29/2008,37.38
3/3/2008,37.49
3/4/2008,36.96
3/5/2008,37.06
3/6/2008,37.35
3/7/2008,36.06
3/10/2008,35.5
3/11/2008,37.73
3/12/2008,37.45
3/13/2008,36.96
3/14/2008,36.85
3/17/2008,36.74
3/18/2008,38.56
3/19/2008,38.63
3/20/2008,39.79
3/24/2008,40.58
3/25/2008,39.92
3/26/2008,39.48
3/27/2008,39.75
3/28/2008,38.6
3/31/2008,39.3
4/1/2008,40.9
4/2/2008,41.16
4/3/2008,41.85
4/4/2008,41.13
4/7/2008,41.21
4/8/2008,40.82
4/9/2008,39.74
4/10/2008,39.48
4/11/2008,39.83
4/14/2008,39.7
4/15/2008,39.42
4/16/2008,41.27
4/17/2008,41.59
4/18/2008,41.49
4/21/2008,41.25
4/22/2008,41.11
4/23/2008,41.43
4/24/2008,42.57
4/28/2008,42.62
4/29/2008,41.94
4/30/2008,41.68
5/1/2008,42.25
5/5/2008,42.18
5/6/2008,42.45
5/7/2008,41.3
5/9/2008,40.86
5/12/2008,41.43
5/13/2008,41.85
5/14/2008,42.27
5/15/2008,42.79
5/16/2008,42.6
5/19/2008,42.72
5/20/2008,42.17
5/21/2008,41.14
5/22/2008,40.79
5/23/2008,40.61
5/27/2008,40.83
5/28/2008,41.16
5/29/2008,41.85
5/30/2008,41.58
6/2/2008,40.84
6/3/2008,41.08
6/4/2008,41.26
6/5/2008,42.05
6/6/2008,41.2
6/9/2008,39.65
6/10/2008,39.83
6/11/2008,39.01
6/12/2008,39.08
6/13/2008,40.15
6/16/2008,40.75
6/17/2008,40.05
6/18/2008,39
6/19/2008,39.27
6/20/2008,38.77
6/23/2008,37.98
6/24/2008,37.66
6/25/2008,38.67
6/26/2008,37.29
6/27/2008,36.57
6/30/2008,36.76
7/1/2008,36.6
7/2/2008,36.16
7/7/2008,35
7/8/2008,37.62
7/9/2008,35.83
7/10/2008,35.02
7/11/2008,34.85
7/14/2008,34.14
7/15/2008,33.93
7/16/2008,36.3
7/17/2008,36.89
7/18/2008,36.76
7/21/2008,37.08
7/22/2008,38.17
7/23/2008,39.15
7/24/2008,36.52
7/25/2008,37.11
7/28/2008,36.27
7/29/2008,38.4
7/30/2008,38.29
7/31/2008,37.76
8/1/2008,37.78
8/4/2008,37.27
8/5/2008,39.08
8/6/2008,38.78
8/7/2008,37.42
8/8/2008,39.13
8/11/2008,39.94
8/12/2008,38.95
8/13/2008,38.37
8/14/2008,38.93
8/15/2008,38.87
8/18/2008,38.18
8/19/2008,37.3
8/20/2008,37.3
8/21/2008,36.86
8/22/2008,38.05
8/25/2008,37.28
8/26/2008,36.91
8/27/2008,37.38
8/28/2008,38.92
8/29/2008,38.7
9/2/2008,38.58
9/3/2008,39.02
9/4/2008,38.19
9/5/2008,38.27
9/8/2008,40.04
9/9/2008,39.25
9/10/2008,38.6
9/11/2008,38.68
9/12/2008,39.37
9/15/2008,37.4
9/16/2008,38.08
9/17/2008,35.97
9/18/2008,38.75
9/19/2008,40.2
9/22/2008,37.12
9/23/2008,37.35
9/24/2008,36.99
9/25/2008,37.23
9/26/2008,38.17
9/29/2008,36.03
9/30/2008,37.66
10/1/2008,36.91
10/2/2008,34.24
10/3/2008,32.76
10/6/2008,31.61
10/7/2008,29.16
10/8/2008,28.92
10/9/2008,26.36
10/10/2008,28.1
10/13/2008,31.08
10/14/2008,28.93
10/15/2008,26.03
10/16/2008,25.63
10/17/2008,26.62
10/20/2008,26.62
10/21/2008,26.38
10/22/2008,23.73
10/23/2008,23.41
10/24/2008,22
10/27/2008,22.01
10/28/2008,21.33
10/29/2008,25.05
10/30/2008,24.61
10/31/2008,25.08
11/3/2008,25.28
11/4/2008,26.45
11/5/2008,23.89
11/6/2008,23.26
11/7/2008,24.4
11/10/2008,22.01
11/11/2008,21.8
11/12/2008,20.52
11/13/2008,21.21
11/14/2008,20.11
11/17/2008,19.27
11/18/2008,18.28
11/19/2008,17.21
11/20/2008,16.16
11/21/2008,15.85
11/24/2008,19.87
11/25/2008,20.14
11/26/2008,20.63
12/1/2008,17.04
12/2/2008,18.48
12/3/2008,19.46
12/4/2008,19.17
12/5/2008,21
12/8/2008,22.01
12/9/2008,21.31
12/10/2008,22.49
12/11/2008,18.99
12/12/2008,20.91
12/15/2008,20.61
12/16/2008,23.44
12/17/2008,23.8
12/18/2008,21.59
12/19/2008,23.16
12/22/2008,22.09
12/23/2008,22.42
12/24/2008,21.74
12/29/2008,21.08
12/30/2008,21.86
12/31/2008,22.85
1/2/2009,22.3
1/5/2009,21.8
1/6/2009,22.62
1/7/2009,21.75
1/8/2009,21.58
1/9/2009,21.13
1/12/2009,19.16
1/13/2009,19.9
1/14/2009,18.93
1/15/2009,19.77
1/16/2009,19.91
1/20/2009,18.19
1/21/2009,18.82
1/22/2009,19.05
1/23/2009,19.54
1/26/2009,19.44
1/27/2009,19.82
1/28/2009,21.46
1/29/2009,19.66
1/30/2009,18.94
2/2/2009,19.29
2/3/2009,19.11
2/4/2009,18.63
2/5/2009,18.29
2/6/2009,19.68
2/9/2009,19.89
2/10/2009,18.05
2/11/2009,17.97
2/12/2009,18.07
2/13/2009,17.05
2/17/2009,16.02
2/18/2009,16.11
2/19/2009,15.38
2/20/2009,16.39
2/23/2009,15.29
2/24/2009,16.49
2/25/2009,16.34
2/26/2009,16.41
2/27/2009,15.35
3/2/2009,14.1
3/3/2009,14.26
3/4/2009,14.39
3/5/2009,13.57
3/6/2009,13.51
3/9/2009,13.88
3/10/2009,15.57
3/11/2009,15.49
3/12/2009,16.66
3/13/2009,16.39
3/16/2009,15
3/17/2009,16.17
3/18/2009,16.93
3/19/2009,15.94
3/20/2009,14.72
3/23/2009,17
3/24/2009,17.1
3/25/2009,15.04
3/26/2009,16.27
3/27/2009,15.69
3/30/2009,14.59
3/31/2009,15.75
4/1/2009,15.67
4/2/2009,15.94
4/3/2009,17.38
4/6/2009,18
4/7/2009,16.61
4/8/2009,16.44
4/9/2009,18.65
4/13/2009,19.12
4/14/2009,17.6
4/15/2009,18.36
4/16/2009,19.46
4/17/2009,19.98
4/20/2009,17.5
4/21/2009,19.09
4/22/2009,18.28
4/23/2009,19.27
4/24/2009,20.24
4/27/2009,19.01
4/28/2009,19.18
4/29/2009,20.01
4/30/2009,20.03
5/1/2009,19.14
5/4/2009,20.81
5/5/2009,20.11
5/6/2009,20.88
5/7/2009,19.48
5/8/2009,20.94
5/11/2009,20.14
5/12/2009,20.26
5/13/2009,18.75
5/14/2009,19.4
5/15/2009,18.67
5/18/2009,20.28
5/19/2009,20.2
5/20/2009,19.53
5/21/2009,19.64
5/22/2009,19.18
5/26/2009,20.09
5/27/2009,19.53
5/28/2009,19.81
5/29/2009,20.04
6/1/2009,21.31
6/2/2009,20.86
6/3/2009,20.95
6/4/2009,21.57
6/5/2009,21.31
6/8/2009,21.28
6/9/2009,21.25
6/10/2009,20.43
6/11/2009,20.38
6/12/2009,21.03
6/15/2009,19.97
6/16/2009,19.76
6/17/2009,19.32
6/18/2009,19.39
6/19/2009,19.78
6/22/2009,18.78
6/23/2009,18.78
6/24/2009,18.8
6/25/2009,19.1
6/26/2009,19.14
6/29/2009,19.45
6/30/2009,19.53
7/1/2009,19.78
7/2/2009,18.94
7/3/2009,18.94
7/6/2009,19.25
7/7/2009,18.52
7/8/2009,18.2
7/9/2009,18.08
7/10/2009,18.1
7/13/2009,18.84
7/14/2009,19.01
7/15/2009,19.65
7/16/2009,19.86
7/17/2009,19.34
7/20/2009,20.03
7/21/2009,19.95
7/22/2009,19.98
7/23/2009,20.76
7/24/2009,20.86
7/27/2009,21.17
7/28/2009,21.08
7/29/2009,20.75
7/30/2009,21.68
7/31/2009,21.64
8/3/2009,21.93
8/4/2009,23.09
8/5/2009,24.01
8/6/2009,23.89
8/7/2009,24.95
8/10/2009,24.4
8/11/2009,23.76
8/12/2009,23.86
8/13/2009,24.07
8/14/2009,23.77
8/17/2009,22.51
8/18/2009,22.81
8/19/2009,22.58
8/20/2009,23.51
8/21/2009,24.08
8/24/2009,24.09
8/25/2009,24.17
8/26/2009,24.21
8/27/2009,24.52
8/28/2009,24.68
8/31/2009,24.32
9/1/2009,23.1
9/2/2009,22.68
9/3/2009,22.99
9/4/2009,23.34
9/8/2009,24.09
9/9/2009,24.62
9/10/2009,24.87
9/11/2009,24.84
9/14/2009,25.52
9/15/2009,25.92
9/16/2009,27.72
9/17/2009,26.9
9/18/2009,27.17
9/21/2009,26.54
9/22/2009,27.44
9/23/2009,26.11
9/24/2009,25.2
9/25/2009,25.27
9/28/2009,25.99
9/29/2009,25.87
9/30/2009,25.56
10/1/2009,24.49
10/2/2009,24.33
10/5/2009,25.01
10/6/2009,24.81
10/7/2009,24.68
10/8/2009,25.3
10/9/2009,25.38
10/12/2009,25.38
10/13/2009,25.22
10/14/2009,26.14
10/15/2009,25.85
10/16/2009,25.18
10/19/2009,25.77
10/20/2009,25.21
10/21/2009,24.98
10/22/2009,25.65
10/23/2009,25.32
10/26/2009,25.25
10/27/2009,24.84
10/28/2009,23.83
10/29/2009,24.95
10/30/2009,24.42
11/2/2009,24.58
11/3/2009,24.93
11/4/2009,24.41
11/5/2009,24.95
11/6/2009,24.55
11/9/2009,25.74
11/10/2009,25.6
11/11/2009,26.1
11/12/2009,25.78
11/13/2009,26.09
11/16/2009,26.71
11/17/2009,26.32
11/18/2009,26.78
11/19/2009,26.15
11/20/2009,26.02
11/23/2009,26.31
11/24/2009,25.89
11/25/2009,26.01
11/27/2009,25.5
11/30/2009,25.72
12/1/2009,26.58
12/2/2009,26.9
12/3/2009,26.72
12/4/2009,27.43
12/7/2009,27.01
12/8/2009,26.81
12/9/2009,26.79
12/10/2009,26.73
12/11/2009,27.16
12/14/2009,27.6
12/15/2009,27.25
12/16/2009,27.52
12/17/2009,27.32
12/18/2009,27.5
12/21/2009,27.72
12/22/2009,27.98
12/23/2009,28.42
12/24/2009,28.49
12/28/2009,28.59
12/29/2009,28.33
12/30/2009,28.16
12/31/2009,27.77
1/4/2010,27.53
1/5/2010,27.69
1/6/2010,27.57
1/7/2010,27.89
1/8/2010,27.67
1/11/2010,27.71
1/12/2010,27.42
1/13/2010,27.86
1/14/2010,27.82
1/15/2010,27.49
1/19/2010,27.95
1/20/2010,27.78
1/21/2010,26.98
1/22/2010,26.36
1/25/2010,26.49
1/26/2010,26.31
1/27/2010,26.54
1/28/2010,26.36
1/29/2010,26.22
2/1/2010,26.61
2/2/2010,26.98
2/3/2010,26.73
2/4/2010,25.73
2/5/2010,25.89
2/8/2010,25.85
2/9/2010,25.57
2/10/2010,25.53
2/11/2010,25.72
2/12/2010,25.93
2/16/2010,26.67
2/17/2010,26.92
2/18/2010,27.24
2/19/2010,27.26
2/22/2010,27.38
2/23/2010,27.29
2/24/2010,27.47
2/25/2010,27.45
2/26/2010,27.61
3/1/2010,27.81
3/2/2010,27.81
3/3/2010,27.69
3/4/2010,27.84
3/5/2010,28.53
3/8/2010,28.84
3/9/2010,28.94
3/10/2010,28.98
3/11/2010,29.15
3/12/2010,29.44
3/15/2010,29.42
3/16/2010,30.15
3/17/2010,30.51
3/18/2010,30.39
3/19/2010,30.07
3/22/2010,30.43
3/23/2010,30.25
3/24/2010,30.41
3/25/2010,30.16
3/26/2010,30.02
3/29/2010,30.06
3/30/2010,30.04
3/31/2010,29.72
4/1/2010,29.83
4/5/2010,30.48
4/6/2010,31.2
4/7/2010,30.36
4/8/2010,30.39
4/9/2010,30.91
4/12/2010,30.67
4/13/2010,31.44
4/14/2010,31.34
4/15/2010,30.57
4/16/2010,30
4/19/2010,29.95
4/20/2010,30.5
4/21/2010,31.08
4/22/2010,31.61
4/23/2010,32
4/26/2010,32.18
4/27/2010,31.18
4/28/2010,31.22
4/29/2010,32.58
4/30/2010,31.66
5/3/2010,32.6
5/4/2010,31.85
5/5/2010,31.39
5/6/2010,30.17
5/7/2010,29.72
5/10/2010,31.68
5/11/2010,31.7
5/12/2010,32.27
5/13/2010,31.79
5/14/2010,30.77
5/17/2010,30.84
5/18/2010,30.05
5/19/2010,29.79
5/20/2010,28.4
5/21/2010,29.24
5/24/2010,28.77
5/25/2010,28.95
5/26/2010,28.93
5/27/2010,30.52
5/28/2010,30.13
6/1/2010,29.53
6/2/2010,30.11
6/3/2010,29.97
6/4/2010,28.52
6/7/2010,28.36
6/8/2010,28.76
6/9/2010,28.94
6/10/2010,30.25
6/11/2010,30.57
6/14/2010,30.86
6/15/2010,31.49
6/16/2010,31.36
6/17/2010,31.38
6/18/2010,31.3
6/21/2010,31.05
6/22/2010,30.11
6/23/2010,30.01
6/24/2010,29.27
6/25/2010,30.01
6/28/2010,29.83
6/29/2010,28.83
6/30/2010,28.56
7/1/2010,28.46
7/2/2010,28.04
7/6/2010,27.42
7/7/2010,28.65
7/8/2010,28.96
7/9/2010,29.36
7/12/2010,29.55
7/13/2010,30.21
7/14/2010,29.86
7/15/2010,29.9
7/16/2010,29.03
7/19/2010,29.42
7/20/2010,28.91
7/21/2010,29.33
7/22/2010,30.54
7/23/2010,30.68
7/26/2010,31.38
7/27/2010,31.36
7/28/2010,31.35
7/29/2010,31
7/30/2010,31.18
8/2/2010,32.23
8/3/2010,31.83
8/4/2010,32.05
8/5/2010,31.66
8/6/2010,31.53
8/9/2010,31.96
8/10/2010,31.78
8/11/2010,30.92
8/12/2010,30.74
8/13/2010,30.61
8/16/2010,30.46
8/17/2010,31.28
8/18/2010,31.26
8/19/2010,30.52
8/20/2010,30.51
8/23/2010,30.37
8/24/2010,30.22
8/25/2010,30.62
8/26/2010,30.54
8/27/2010,30.93
8/30/2010,30.66
8/31/2010,29.88
9/1/2010,31.92
9/2/2010,32.26
9/3/2010,32.64
9/7/2010,32.27
9/8/2010,32.21
9/9/2010,31.94
9/10/2010,32.08
9/13/2010,32.55
9/14/2010,32.59
9/15/2010,32.77
9/16/2010,32.56
9/17/2010,32.71
9/20/2010,33.14
9/21/2010,32.88
9/22/2010,32.58
9/23/2010,31.77
9/24/2010,32.27
9/27/2010,31.99
9/28/2010,32.09
9/29/2010,31.82
9/30/2010,31.88
10/1/2010,32.07
10/4/2010,32.28
10/5/2010,32.77
10/6/2010,32.56
10/7/2010,32.69
10/8/2010,32.76
10/11/2010,32.75
10/12/2010,32.99
10/13/2010,33.29
10/14/2010,33.12
10/15/2010,33.2
10/18/2010,33.5
10/19/2010,33.22
10/20/2010,33.9
10/21/2010,33.85
10/22/2010,33.78
10/25/2010,33.96
10/26/2010,33.63
10/27/2010,33.23
10/28/2010,33.06
10/29/2010,33.21
11/1/2010,33.38
11/2/2010,33.67
11/3/2010,33.57
11/4/2010,34.37
11/5/2010,34.68
11/8/2010,34.55
11/9/2010,33.21
11/10/2010,33.56
11/11/2010,33.39
11/12/2010,33.07
11/15/2010,32.85
11/16/2010,31.69
11/17/2010,31.97
11/18/2010,32.2
11/19/2010,32.43
11/22/2010,32.46
11/23/2010,32.2
11/24/2010,32.81
11/26/2010,32.73
11/29/2010,32.75
11/30/2010,32.61
12/1/2010,32.85
12/2/2010,33.34
12/3/2010,33.33
12/6/2010,33.33
12/7/2010,33.41
12/8/2010,32.9
12/9/2010,32.58
12/10/2010,32.86
12/13/2010,32.94
12/14/2010,32.49
12/15/2010,32.2
12/16/2010,32.27
12/17/2010,32.52
12/20/2010,32.96
12/21/2010,33.3
12/22/2010,33.47
12/23/2010,33.04
12/27/2010,33.43
12/28/2010,33.53
12/29/2010,33.67
12/30/2010,33.73
12/31/2010,33.72
1/3/2011,34.25
1/4/2011,33.57
1/5/2011,33.8
1/6/2011,33.67
1/7/2011,33.61
1/10/2011,33.6
1/11/2011,33.54
1/12/2011,33.59
1/13/2011,33.73
1/14/2011,33.91
1/18/2011,34.25
1/19/2011,33.84
1/20/2011,33.89
1/21/2011,34.01
1/24/2011,34.18
1/25/2011,34.63
1/26/2011,34.67
1/27/2011,35.21
1/28/2011,34.62
1/31/2011,35.11
2/1/2011,35.2
2/2/2011,35.11
2/3/2011,35.28
2/4/2011,34.97
2/7/2011,35.3
2/8/2011,35.47
2/9/2011,35.51
2/10/2011,35.66
2/11/2011,35.93
2/14/2011,35.92
2/15/2011,35.77
2/16/2011,35.84
2/17/2011,35.9
2/18/2011,35.93
2/22/2011,35.64
2/23/2011,35.37
2/24/2011,35.19
2/25/2011,35.87
2/28/2011,36.67
3/1/2011,35.62
3/2/2011,35.27
3/3/2011,35.81
3/4/2011,35.4
3/7/2011,35.24
3/8/2011,35.66
3/9/2011,35.67
3/10/2011,35.11
3/11/2011,35.62
3/14/2011,35.36
3/15/2011,35.09
3/16/2011,34.74
3/17/2011,34.93
3/18/2011,35.22
3/21/2011,35.69
3/22/2011,35.24
3/23/2011,34.94
3/24/2011,35.17
3/25/2011,34.96
3/28/2011,35.06
3/29/2011,35.18
3/30/2011,35.58
3/31/2011,35.87
4/1/2011,35.76
4/4/2011,35.86
4/5/2011,35.99
4/6/2011,35.88
4/7/2011,35.52
4/8/2011,35.18
4/11/2011,35.29
4/12/2011,35.17
4/13/2011,35.17
4/14/2011,35.61
4/15/2011,35.99
4/18/2011,35.66
4/19/2011,35.87
4/20/2011,36.35
4/21/2011,36.6
4/25/2011,36.9
4/26/2011,37.13
4/27/2011,37.47
4/28/2011,37.9
4/29/2011,37.68
5/2/2011,37.64
5/3/2011,37.37
5/4/2011,37.24
5/5/2011,37.18
5/6/2011,36.93
5/9/2011,37.05
5/10/2011,37.53
5/11/2011,37.34
5/12/2011,37.28
5/13/2011,36.86
5/16/2011,37.04
5/17/2011,36.89
5/18/2011,37.34
5/19/2011,37.43
5/20/2011,37.08
5/23/2011,36.69
5/24/2011,36.9
5/25/2011,37.01
5/26/2011,37.42
5/27/2011,37.42
5/31/2011,38.03
6/1/2011,37.07
6/2/2011,36.97
6/3/2011,36.98
6/6/2011,36.51
6/7/2011,37.13
6/8/2011,36.78
6/9/2011,36.45
6/10/2011,35.56
6/13/2011,35.72
6/14/2011,36.13
6/15/2011,35.67
6/16/2011,35.68
6/17/2011,36.26
6/20/2011,36.69
6/21/2011,36.87
6/22/2011,36.96
6/23/2011,35.87
6/24/2011,35.78
6/27/2011,36.01
6/28/2011,36.14
6/29/2011,36.56
6/30/2011,36.83
7/1/2011,37.31
7/5/2011,37.57
7/6/2011,37.81
7/7/2011,38.26
7/8/2011,38.16
7/11/2011,37.66
7/12/2011,37.7
7/13/2011,37.36
7/14/2011,36.97
7/15/2011,37.19
7/18/2011,37
7/19/2011,37.61
7/20/2011,37.89
7/21/2011,38.24
7/22/2011,38.43
7/25/2011,38
7/26/2011,38.01
7/27/2011,37
7/28/2011,36.91
7/29/2011,36.95
8/1/2011,36.51
8/2/2011,35.43
8/3/2011,35.13
8/4/2011,33.43
8/5/2011,32.9
8/8/2011,30.2
8/9/2011,32.93
8/10/2011,32.27
8/11/2011,33.91
8/12/2011,33.85
8/15/2011,34.93
8/16/2011,34.75
8/17/2011,34.87
8/18/2011,33.38
8/19/2011,32.74
8/22/2011,32.86
8/23/2011,33.67
8/24/2011,33.86
8/25/2011,33.52
8/26/2011,33.81
8/29/2011,34.64
8/30/2011,35.12
8/31/2011,35.29
9/1/2011,34.83
9/2/2011,34.16
9/6/2011,33.91
9/7/2011,35.1
9/8/2011,34.9
9/9/2011,33.89
9/12/2011,33.41
9/13/2011,34.07
9/14/2011,34.34
9/15/2011,34.75
9/16/2011,34.71
9/19/2011,34.43
9/20/2011,34.41
9/21/2011,32.69
9/22/2011,31.85
9/23/2011,31.99
9/26/2011,32.17
9/27/2011,32.69
9/28/2011,31.72
9/29/2011,32.01
9/30/2011,31.76
10/3/2011,29.8
10/4/2011,30.92
10/5/2011,30.66
10/6/2011,31.09
10/7/2011,30.58
10/10/2011,32.06
10/11/2011,31.49
10/12/2011,32.34
10/13/2011,31.72
10/14/2011,32.45
10/17/2011,31.74
10/18/2011,31.86
10/19/2011,32.43
10/20/2011,32.45
10/21/2011,33.54
10/24/2011,34.46
10/25/2011,33.85
10/26/2011,34.31
10/27/2011,35.71
10/28/2011,35.8
10/31/2011,35.48
11/1/2011,34.21
11/2/2011,34.89
11/3/2011,35.29
11/4/2011,34.83
11/7/2011,34.95
11/8/2011,35.49
11/9/2011,34
11/10/2011,33.96
11/11/2011,34.73
11/14/2011,34.15
11/15/2011,34.47
11/16/2011,34.01
11/17/2011,33.57
11/18/2011,33.61
11/21/2011,32.81
11/22/2011,32.7
11/23/2011,31.85
11/25/2011,32.27
11/28/2011,32.56
11/29/2011,32.48
11/30/2011,33.96
12/1/2011,33.53
12/2/2011,33.66
12/5/2011,33.89
12/6/2011,33.9
12/7/2011,34.34
12/8/2011,33.71
12/9/2011,34.13
12/12/2011,33.6
12/13/2011,33.27
12/14/2011,33.63
12/15/2011,33.94
12/16/2011,34.21
12/19/2011,34.25
12/20/2011,35.03
12/21/2011,35
12/22/2011,35.07
12/23/2011,35.28
12/27/2011,35.57
12/28/2011,35.13
12/29/2011,35.36
12/30/2011,35.35
1/3/2012,35.41
1/4/2012,34.89
1/5/2012,35.15
1/6/2012,35.06
1/9/2012,34.95
1/10/2012,35.41
1/11/2012,35.69
1/12/2012,35.45
1/13/2012,35.5
1/17/2012,35.76
1/18/2012,35.95
1/19/2012,36.2
1/20/2012,36.35
1/23/2012,36.42
1/24/2012,36.67
1/25/2012,37.01
1/26/2012,37.34
1/27/2012,37.27
1/30/2012,37.01
1/31/2012,37.19
2/1/2012,37.47
2/2/2012,37.54
2/3/2012,38.1
2/6/2012,37.91
2/7/2012,37.84
2/8/2012,37.72
2/9/2012,37.65
2/10/2012,37.32
2/13/2012,37.76
2/14/2012,37.38
2/15/2012,37.16
2/16/2012,37.5
2/17/2012,37.5
2/21/2012,37.07
2/22/2012,36.81
2/23/2012,37.22
2/24/2012,37.32
2/27/2012,37.29
2/28/2012,37.02
2/29/2012,36.94
3/1/2012,37.03
3/2/2012,37.1
3/5/2012,37.37
3/6/2012,36.94
3/7/2012,37.14
3/8/2012,37
3/9/2012,37.15
3/12/2012,37.31
3/13/2012,37.98
3/14/2012,37.88
3/15/2012,37.97
3/16/2012,38.1
3/19/2012,38.32
3/20/2012,38.24
3/21/2012,38.22
3/22/2012,37.75
3/23/2012,38
3/26/2012,37.86
3/27/2012,38.05
3/28/2012,37.73
3/29/2012,37.87
3/30/2012,38.18
4/2/2012,38.45
4/3/2012,38.17
4/4/2012,38
4/5/2012,37.7
4/9/2012,37.49
4/10/2012,37.03
4/11/2012,37.17
4/12/2012,37.65
4/13/2012,37.53
4/16/2012,37.96
4/17/2012,38.26
4/18/2012,38.08
4/19/2012,38.07
4/20/2012,38.52
4/23/2012,37.89
4/24/2012,38.46
4/25/2012,39
4/26/2012,39.09
4/27/2012,39.35
4/30/2012,39.12
5/1/2012,39.62
5/2/2012,39.56
5/3/2012,39.49
5/4/2012,39.21
5/7/2012,39.41
5/8/2012,39.36
5/9/2012,39.5
5/10/2012,39.48
5/11/2012,39.45
5/14/2012,38.94
5/15/2012,38.77
5/16/2012,38.43
5/17/2012,37.35
5/18/2012,36.9
5/21/2012,37.7
5/22/2012,37.65
5/23/2012,37.91
5/24/2012,38
5/25/2012,37.83
5/29/2012,38.3
5/30/2012,37.56
5/31/2012,37.81
6/1/2012,36.87
6/4/2012,36.69
6/5/2012,37.31
6/6/2012,37.97
6/7/2012,37.89
6/8/2012,38.24
6/11/2012,37.66
6/12/2012,37.94
6/13/2012,37.73
6/14/2012,38.37
6/15/2012,38.51
6/18/2012,38.84
6/19/2012,38.64
6/20/2012,38.58
6/21/2012,38.01
6/22/2012,38.09
6/25/2012,37.87
6/26/2012,38.11
6/27/2012,38.24
6/28/2012,38.54
6/29/2012,39.47
7/2/2012,39.96
7/3/2012,40.02
7/5/2012,39.93
7/6/2012,40.06
7/9/2012,40.11
7/10/2012,39.53
7/11/2012,39.64
7/12/2012,39.92
7/13/2012,40.32
7/16/2012,40.49
7/17/2012,40.83
7/18/2012,40.44
7/19/2012,40.15
7/20/2012,39.94
7/23/2012,39.69
7/24/2012,39.67
7/25/2012,39.59
7/26/2012,39.97
7/27/2012,40.51
7/30/2012,40.52
7/31/2012,40.54
8/1/2012,40.44
8/2/2012,40.42
8/3/2012,40.65
8/6/2012,40.6
8/7/2012,40.01
8/8/2012,39.76
8/9/2012,39.63
8/10/2012,39.74
8/13/2012,39.76
8/14/2012,39.79
8/15/2012,39.88
8/16/2012,40.09
8/17/2012,40.17
8/20/2012,40.03
8/21/2012,40.1
8/22/2012,40.08
8/23/2012,39.97
8/24/2012,40.14
8/27/2012,40.25
8/28/2012,40.33
8/29/2012,40.33
8/30/2012,40.29
8/31/2012,40.42
9/4/2012,40.75
9/5/2012,40.64
9/6/2012,40.96
9/7/2012,41.05
9/10/2012,40.75
9/11/2012,40.85
9/12/2012,40.99
9/13/2012,41.47
9/14/2012,41.8
9/17/2012,41.51
9/18/2012,41.15
9/19/2012,40.99
9/20/2012,40.38
9/21/2012,40.49
9/24/2012,40.46
9/25/2012,39.51
9/26/2012,39.43
9/27/2012,39.61
9/28/2012,39.58
10/1/2012,39.23
10/2/2012,39.56
10/3/2012,39.7
10/4/2012,39.6
10/5/2012,39.67
10/8/2012,39.53
10/9/2012,39.36
10/10/2012,39.4
10/11/2012,39.64
10/12/2012,39.35
10/15/2012,39.68
10/16/2012,39.84
10/17/2012,39.79
10/18/2012,40.21
10/19/2012,40.01
10/22/2012,39.62
10/23/2012,39.38
10/24/2012,39.32
10/25/2012,39.06
10/26/2012,38.98
10/31/2012,39.47
11/1/2012,39.47
11/2/2012,39.74
11/5/2012,39.51
11/6/2012,39.49
11/7/2012,39.4
11/8/2012,39.01
11/9/2012,38.83
11/12/2012,38.73
11/13/2012,38.68
11/14/2012,37.86
11/15/2012,37.7
11/16/2012,38.07
11/19/2012,38.46
11/20/2012,38.54
11/21/2012,38.63
11/23/2012,38.8
11/26/2012,39.01
11/27/2012,38.77
11/28/2012,38.7
11/29/2012,38.9
11/30/2012,39.04
12/3/2012,39.12
12/4/2012,39.13
12/5/2012,39
12/6/2012,39.36
12/7/2012,39.53
12/10/2012,39.55
12/11/2012,39.57
12/12/2012,39.56
12/13/2012,39.19
12/14/2012,39.24
12/17/2012,39.45
12/18/2012,39.71
12/19/2012,39.38
12/20/2012,39.95
12/21/2012,39.8
12/24/2012,39.86
12/26/2012,39.62
12/27/2012,39.58
12/28/2012,39.5
12/31/2012,39.82
1/2/2013,40.45
1/3/2013,40.37
1/4/2013,40.62
1/7/2013,40.66
1/8/2013,40.62
1/9/2013,40.77
1/10/2013,40.89
1/11/2013,40.88
1/14/2013,40.89
1/15/2013,41.11
1/16/2013,41.07
1/17/2013,41.19
1/18/2013,41.26
1/22/2013,41.52
1/23/2013,41.57
1/24/2013,41.58
1/25/2013,41.67
1/28/2013,41.76
1/29/2013,41.84
1/30/2013,41.44
1/31/2013,41.22
2/1/2013,41.4
2/4/2013,41.36
2/5/2013,41.3
2/6/2013,41.36
2/7/2013,41.15
2/8/2013,41.4
2/11/2013,41.53
2/12/2013,41.8
2/13/2013,41.71
2/14/2013,41.65
2/15/2013,41.63
2/19/2013,41.86
2/20/2013,41.77
2/21/2013,41.35
2/22/2013,41.73
2/25/2013,41.06
2/26/2013,41.33
2/27/2013,41.71
2/28/2013,41.59
3/1/2013,41.7
3/4/2013,42.04
3/5/2013,42.31
3/6/2013,42.17
3/7/2013,41.98
3/8/2013,42.04
3/11/2013,42.03
3/12/2013,42.02
3/13/2013,42.01
3/14/2013,42.22
3/15/2013,42.22
3/18/2013,41.9
3/19/2013,41.79
3/20/2013,41.95
3/21/2013,41.92
3/22/2013,42.12
3/25/2013,41.8
3/26/2013,42.07
3/27/2013,42.14
3/28/2013,42.31
4/1/2013,42.42
4/2/2013,42.66
4/3/2013,42.5
4/4/2013,43
4/5/2013,43.19
4/8/2013,43.64
4/9/2013,43.67
4/10/2013,43.89
4/11/2013,44.13
4/12/2013,44.09
4/15/2013,43.54
4/16/2013,44.12
4/17/2013,43.58
4/18/2013,43.53
4/19/2013,43.99
4/22/2013,44.09
4/23/2013,44.32
4/24/2013,44.49
4/25/2013,44.46
4/26/2013,44.31
4/29/2013,44.56
4/30/2013,45.09
5/1/2013,44.84
5/2/2013,45.01
5/3/2013,44.89
5/6/2013,45.1
5/7/2013,45.34
5/8/2013,45.34
5/9/2013,45.22
5/10/2013,45.22
5/13/2013,45.34
5/14/2013,45.6
5/15/2013,45.75
5/16/2013,45.74
5/17/2013,45.99
5/20/2013,46.01
5/21/2013,46.33
5/22/2013,45.22
5/23/2013,44.54
5/24/2013,44.34
5/28/2013,43.89
5/29/2013,43.08
5/30/2013,42.51
5/31/2013,41.98
6/3/2013,42.17
6/4/2013,41.65
6/5/2013,41.29
6/6/2013,41.96
6/7/2013,41.74
6/10/2013,41.59
6/11/2013,40.88
6/12/2013,40.31
6/13/2013,41.61
6/14/2013,41.75
6/17/2013,41.65
6/18/2013,41.78
6/19/2013,40.45
6/20/2013,38.94
6/21/2013,39.33
6/24/2013,39.52
6/25/2013,39.86
6/26/2013,40.07
6/27/2013,40.79
6/28/2013,40.6
7/1/2013,40.31
7/2/2013,40.85
7/3/2013,40.48
7/5/2013,40.33
7/8/2013,40.49
7/9/2013,40.99
7/10/2013,40.85
7/11/2013,42.11
7/12/2013,41.83
7/15/2013,42
7/16/2013,41.93
7/17/2013,42.14
7/18/2013,42.48
7/19/2013,42.38
7/22/2013,42.46
7/23/2013,42.52
7/24/2013,41.56
7/25/2013,41.58
7/26/2013,41.47
7/29/2013,41.31
7/30/2013,41.36
7/31/2013,40.87
8/1/2013,40.55
8/2/2013,40.37
8/5/2013,40.23
8/6/2013,40.1
8/7/2013,39.97
8/8/2013,39.95
8/9/2013,40.32
8/12/2013,39.96
8/13/2013,39.34
8/14/2013,39.35
8/15/2013,38.71
8/16/2013,37.8
8/19/2013,37.4
8/20/2013,38.1
8/21/2013,38.25
8/22/2013,38.17
8/23/2013,38.62
8/26/2013,38.54
8/27/2013,38.54
8/28/2013,38.28
8/29/2013,38.34
8/30/2013,38.15
9/3/2013,37.69
9/4/2013,38.05
9/5/2013,37.76
9/6/2013,38.38
9/9/2013,39.07
9/10/2013,39.04
9/11/2013,39.32
9/12/2013,39.06
9/13/2013,39.21
9/16/2013,39.55
9/17/2013,39.53
9/18/2013,40.9
9/19/2013,40.87
9/20/2013,40.2
9/23/2013,39.81
9/24/2013,39.32
9/25/2013,39.32
9/26/2013,39.44
9/27/2013,39.35
9/30/2013,38.93
10/1/2013,39.49
10/2/2013,39.51
10/3/2013,38.85
10/4/2013,38.79
10/7/2013,39.03
10/8/2013,38.71
10/9/2013,38.59
10/10/2013,39.5
10/11/2013,39.81
10/14/2013,39.86
10/15/2013,39.79
10/16/2013,40.51
10/17/2013,41.17
10/18/2013,41.06
10/21/2013,40.79
10/22/2013,41.28
10/23/2013,41.2
10/24/2013,41.25
10/25/2013,41.5
10/28/2013,41.27
10/29/2013,40.81
10/30/2013,40.52
10/31/2013,40.49
11/1/2013,40.38
11/4/2013,40.49
11/5/2013,39.93
11/6/2013,39.96
11/7/2013,39.42
11/8/2013,38.91
11/11/2013,38.94
11/12/2013,38.8
11/13/2013,38.84
11/14/2013,39.35
11/15/2013,39.41
11/18/2013,39.25
11/19/2013,38.8
11/20/2013,38.51
11/21/2013,38.65
11/22/2013,38.38
11/25/2013,38.25
11/26/2013,38.18
11/27/2013,38.51
11/29/2013,38.14
12/2/2013,37.9
12/3/2013,37.84
12/4/2013,38.04
12/5/2013,38.08
12/6/2013,38.36
12/9/2013,38.55
12/10/2013,38.72
12/11/2013,37.78
12/12/2013,37.57
12/13/2013,37.74
12/16/2013,37.73
12/17/2013,37.92
12/18/2013,38.59
12/19/2013,38.04
12/20/2013,38.2
12/23/2013,37.95
12/24/2013,37.99
12/26/2013,38.04
12/27/2013,38.04
12/30/2013,38.13
12/31/2013,38.01
1/2/2014,37.92
1/3/2014,38.31
1/6/2014,38.39
1/7/2014,38.6
1/8/2014,38.38
1/9/2014,38.46
1/10/2014,38.95
1/13/2014,38.68
1/14/2014,38.95
1/15/2014,39.22
1/16/2014,39.25
1/17/2014,39.11
1/21/2014,39.47
1/22/2014,39.52
1/23/2014,39.31
1/24/2014,38.85
1/27/2014,38.66
1/28/2014,39.01
1/29/2014,38.64
1/30/2014,39.3
1/31/2014,39.41
2/3/2014,38.77
2/4/2014,39.13
2/5/2014,39.18
2/6/2014,39.57
2/7/2014,39.86
2/10/2014,40.23
2/11/2014,39.9
2/12/2014,40.3
2/13/2014,40.62
2/14/2014,40.76
2/18/2014,40.85
2/19/2014,40.85
2/20/2014,40.86
2/21/2014,40.84
2/24/2014,40.97
2/25/2014,40.9
2/26/2014,40.97
2/27/2014,41.02
2/28/2014,41.37
3/3/2014,41.1
3/4/2014,41.77
3/5/2014,41.58
3/6/2014,41.49
3/7/2014,40.99
3/10/2014,40.74
3/11/2014,41.17
3/12/2014,41.19
3/13/2014,41.05
3/14/2014,41.13
3/17/2014,41.18
3/18/2014,41.28
3/19/2014,40.38
3/20/2014,40.61
3/21/2014,40.97
3/24/2014,40.78
3/25/2014,40.65
3/26/2014,40.25
3/27/2014,40.46
3/28/2014,40.73
3/31/2014,41.01
4/1/2014,40.93
4/2/2014,41.18
4/3/2014,41.14
4/4/2014,41.22
4/7/2014,41.41
4/8/2014,41.51
4/9/2014,41.53
4/10/2014,41.31
4/11/2014,40.94
4/14/2014,40.88
4/15/2014,41.48
4/16/2014,41.79
4/17/2014,41.63
4/21/2014,41.86
4/22/2014,41.94
4/23/2014,41.8
4/24/2014,41.96
4/25/2014,41.9
4/28/2014,42.2
4/29/2014,42.21
4/30/2014,42.3
5/1/2014,42.57
5/2/2014,42.6
5/5/2014,42.81
5/6/2014,42.66
5/7/2014,43.25
5/8/2014,43.17
5/9/2014,43.25
5/12/2014,43.39
5/13/2014,43.12
5/14/2014,43.28
5/15/2014,43.17
5/16/2014,43.49
5/19/2014,43.36
5/20/2014,43.25
5/21/2014,43.06
5/22/2014,43.01
5/23/2014,43.15
5/27/2014,42.79
5/28/2014,43.3
5/29/2014,43.32
5/30/2014,43.59
6/2/2014,43.63
6/3/2014,44.25
6/4/2014,43.63
6/5/2014,44.24
6/6/2014,44.09
6/9/2014,43.66
6/10/2014,43.19
6/11/2014,43.22
6/12/2014,43.08
6/13/2014,43.09
6/16/2014,42.98
6/17/2014,43
6/18/2014,43.36
6/19/2014,43.59
6/20/2014,43.76
6/23/2014,43.67
6/24/2014,43.34
6/25/2014,43.28
6/26/2014,43.23
6/27/2014,43.45
6/30/2014,43.63
7/1/2014,43.64
7/2/2014,43.53
7/3/2014,43.37
7/7/2014,43.5
7/8/2014,43.62
7/9/2014,43.65
7/10/2014,43.81
7/11/2014,43.87
7/14/2014,44.01
7/15/2014,44.05
7/16/2014,44.12
7/17/2014,43.96
7/18/2014,44.6
7/21/2014,44.31
7/22/2014,44.46
7/23/2014,44.52
7/24/2014,44.3
7/25/2014,44.17
7/28/2014,44.47
7/29/2014,44.31
7/30/2014,44.21
7/31/2014,43.67
8/1/2014,43.83
8/4/2014,43.83
8/5/2014,43.46
8/6/2014,43.48
8/7/2014,43.6
8/8/2014,43.84
8/11/2014,44.1
8/12/2014,43.98
8/13/2014,44.49
8/14/2014,44.54
8/15/2014,44.5
8/18/2014,44.94
8/19/2014,45.03
8/20/2014,45.21
8/21/2014,45.3
8/22/2014,44.95
8/25/2014,44.85
8/26/2014,44.94
8/27/2014,44.99
8/28/2014,44.97
8/29/2014,45.11
9/2/2014,45.14
9/3/2014,45.2
9/4/2014,45.1
9/5/2014,45.48
9/8/2014,45.45
9/9/2014,45.17
9/10/2014,44.64
9/11/2014,44.6
9/12/2014,43.38
9/15/2014,43.22
9/16/2014,43.57
9/17/2014,43.59
9/18/2014,43.17
9/19/2014,43.24
9/22/2014,42.96
9/23/2014,42.66
9/24/2014,42.19
9/25/2014,42.03
9/26/2014,42.44
9/29/2014,42.42
9/30/2014,42.23
10/1/2014,42.18
10/2/2014,42.31
10/3/2014,42.57
10/6/2014,42.72
10/7/2014,42.59
10/8/2014,43.04
10/9/2014,43.25
10/10/2014,43.18
10/13/2014,43.18
10/14/2014,43.83
10/15/2014,43.65
10/16/2014,43.67
10/17/2014,43.85
10/20/2014,44.32
10/21/2014,44.81
10/22/2014,44.8
10/23/2014,45.11
10/24/2014,45.15
10/27/2014,45.36
10/28/2014,45.36
10/29/2014,45.02
10/30/2014,45.45
10/31/2014,45.75
11/3/2014,46.06
11/4/2014,46.25
11/5/2014,46.2
11/6/2014,45.96
11/7/2014,46.1
11/10/2014,46.22
11/11/2014,46.07
11/12/2014,45.8
11/13/2014,45.95
11/14/2014,45.74
11/17/2014,45.89
11/18/2014,46.11
11/19/2014,45.91
11/20/2014,45.98
11/21/2014,46.29
11/24/2014,46.42
11/25/2014,46.58
11/26/2014,46.93
11/28/2014,47.37
12/1/2014,46.97
12/2/2014,47.13
12/3/2014,47.08
12/4/2014,47.17
12/5/2014,46.79
12/8/2014,47.11
12/9/2014,47.26
12/10/2014,47.34
12/11/2014,47.3
12/12/2014,46.86
12/15/2014,46.35
12/16/2014,46.13
12/17/2014,46.94
12/18/2014,47.34
12/19/2014,47.32
12/22/2014,48.22
12/23/2014,48.04
12/24/2014,47.39
12/26/2014,47.59
12/29/2014,47.74
12/30/2014,47.75
12/31/2014,47.27
1/2/2015,47.6
1/5/2015,47.79
1/6/2015,48.25
1/7/2015,48.93
1/8/2015,49.08
1/9/2015,49.18
1/12/2015,49.45
1/13/2015,49.28
1/14/2015,49.5
1/15/2015,49.76
1/16/2015,50
1/20/2015,49.85
1/21/2015,49.77
1/22/2015,50.7
1/23/2015,50.63
1/26/2015,51.09
1/27/2015,51.03
1/28/2015,51
1/29/2015,50.73
1/30/2015,49.98
2/2/2015,49.82
2/3/2015,50.13
2/4/2015,49.89
2/5/2015,50.5
2/6/2015,49
2/9/2015,48.97
2/10/2015,49.06
2/11/2015,48.97
2/12/2015,49.49
2/13/2015,49.14
2/17/2015,49.01
2/18/2015,49.41
2/19/2015,48.41
2/20/2015,48.88
2/23/2015,49.1
2/24/2015,48.26
2/25/2015,48.38
2/26/2015,47.97
2/27/2015,48.3
3/2/2015,48.5
3/3/2015,48.53
3/4/2015,48.09
3/5/2015,48.34
3/6/2015,46.8
3/9/2015,47.13
3/10/2015,47.04
3/11/2015,46.98
3/12/2015,47.56
3/13/2015,47.62
3/16/2015,48.19
3/17/2015,48.21
3/18/2015,49.1
3/19/2015,49.14
3/20/2015,50.09
3/23/2015,50.24
3/24/2015,49.82
3/25/2015,48.59
3/26/2015,48.33
3/27/2015,48.42
3/30/2015,48.98
3/31/2015,48.57
4/1/2015,48.34
4/2/2015,48.89
4/6/2015,49.25
4/7/2015,48.65
4/8/2015,48.64
4/9/2015,47.79
4/10/2015,47.6
4/13/2015,47.57
4/14/2015,47.71
4/15/2015,47.52
4/16/2015,47.68
4/17/2015,47.32
4/20/2015,47.45
4/21/2015,47.55
4/22/2015,47.5
4/23/2015,47.76
4/24/2015,47.73
4/27/2015,47.63
4/28/2015,47.45
4/29/2015,46.66
4/30/2015,45.98
5/1/2015,46.31
5/4/2015,46.47
5/5/2015,45.46
5/6/2015,45.24
5/7/2015,46.15
5/8/2015,46.71
5/11/2015,46.06
5/12/2015,46.24
5/13/2015,45.59
5/14/2015,46.53
5/15/2015,47.04
5/18/2015,46.89
5/19/2015,46.82
5/20/2015,46.78
5/21/2015,46.38
5/22/2015,46.57
5/26/2015,46.13
5/27/2015,46.64
5/28/2015,46.44
5/29/2015,46
6/1/2015,46.51
6/2/2015,46.02
6/3/2015,45.35
6/4/2015,45.4
6/5/2015,44.88
6/8/2015,44.78
6/9/2015,44.41
6/10/2015,44.78
6/11/2015,45.09
6/12/2015,45
6/15/2015,44.81
6/16/2015,45.11
6/17/2015,45.51
6/18/2015,46.14
6/19/2015,45.84
6/22/2015,45.45
6/23/2015,45.05
6/24/2015,44.28
6/25/2015,43.94
6/26/2015,44.02
6/29/2015,43.48
6/30/2015,43.44
7/1/2015,44
7/2/2015,44.24
7/6/2015,44.36
7/7/2015,45.13
7/8/2015,44.88
7/9/2015,44.75
7/10/2015,45.12
7/13/2015,45.1
7/14/2015,45.23
7/15/2015,45.23
7/16/2015,45.63
7/17/2015,45.34
7/20/2015,45.4
7/21/2015,45.38
7/22/2015,45.41
7/23/2015,45.1
7/24/2015,45.3
7/27/2015,45.35
7/28/2015,45.57
7/29/2015,45.63
7/30/2015,45.53
7/31/2015,45.97
8/3/2015,46.02
8/4/2015,45.87
8/5/2015,45.59
8/6/2015,45.84
8/7/2015,46.01
8/10/2015,45.93
8/11/2015,46.36
8/12/2015,46.14
8/13/2015,46.6
8/14/2015,46.8
8/17/2015,47.13
8/18/2015,47.23
8/19/2015,47.03
8/20/2015,46.7
8/21/2015,45.94
8/24/2015,43.91
8/25/2015,42.64
8/26/2015,43.54
8/27/2015,44.46
8/28/2015,44.34
8/31/2015,43.52
9/1/2015,42.64
9/2/2015,42.88
9/3/2015,43.24
9/4/2015,42.33
9/8/2015,42.92
9/9/2015,42.33
9/10/2015,42.51
9/11/2015,42.97
9/14/2015,43
9/15/2015,43.25
9/16/2015,44.03
9/17/2015,44.49
9/18/2015,44.43
9/21/2015,44.67
9/22/2015,44.21
9/23/2015,44.4
9/24/2015,44.3
9/25/2015,43.97
9/28/2015,43.24
9/29/2015,43.69
9/30/2015,43.87
10/1/2015,44.25
10/2/2015,44.65
10/5/2015,45.47
10/6/2015,45.31
10/7/2015,45.57
10/8/2015,46.01
10/9/2015,46.06
10/12/2015,46.33
10/13/2015,45.99
10/14/2015,45.84
10/15/2015,46.15
10/16/2015,46.68
10/19/2015,47.24
10/20/2015,47.1
10/21/2015,47.01
10/22/2015,47.56
10/23/2015,47.05
10/26/2015,47.15
10/27/2015,47.06
10/28/2015,47.14
10/29/2015,47.1
10/30/2015,46.77
11/2/2015,47.74
11/3/2015,47.41
11/4/2015,47.1
11/5/2015,47.17
11/6/2015,45.73
11/9/2015,45.16
11/10/2015,45.36
11/11/2015,45.64
11/12/2015,45.49
11/13/2015,44.84
11/16/2015,45.34
11/17/2015,45.62
11/18/2015,46.02
11/19/2015,46.21
11/20/2015,46.6
11/23/2015,46.7
11/24/2015,46.42
11/25/2015,46.59
11/27/2015,46.96
11/30/2015,46.59
12/1/2015,47.13
12/2/2015,46.31
12/3/2015,45.61
12/4/2015,46.51
12/7/2015,46.5
12/8/2015,46.31
12/9/2015,46.07
12/10/2015,45.79
12/11/2015,45.62
12/14/2015,45.76
12/15/2015,46.39
12/16/2015,47.27
12/17/2015,47.05
12/18/2015,46.6
12/21/2015,46.58
12/22/2015,46.92
12/23/2015,47.42
12/24/2015,46.94
12/28/2015,46.95
12/29/2015,47.57
12/30/2015,47.5
12/31/2015,47.33
1/4/2016,46.21
1/5/2016,47.36
1/6/2016,47.15
1/7/2016,46.28
1/8/2016,45.96
1/11/2016,45.94
1/12/2016,45.62
1/13/2016,45.23
1/14/2016,45.2
1/15/2016,44.43
1/19/2016,44.85
1/20/2016,43.44
1/21/2016,43.74
1/22/2016,44.96
1/25/2016,44.81
1/26/2016,45.46
1/27/2016,44.69
1/28/2016,44.45
1/29/2016,45.27
2/1/2016,45.39
2/2/2016,44.95
2/3/2016,45.16
2/4/2016,45.26
2/5/2016,44.45
2/8/2016,42.82
2/9/2016,42.26
2/10/2016,42.56
2/11/2016,42.01
2/12/2016,42.36
2/16/2016,43.07
2/17/2016,43.6
2/18/2016,43.91
2/19/2016,44.12
2/22/2016,44.55
2/23/2016,44.39
2/24/2016,44.35
2/25/2016,45.17
2/26/2016,45
2/29/2016,45.08
3/1/2016,46
3/2/2016,46.44
3/3/2016,46.56
3/4/2016,46.66
3/7/2016,46.61
3/8/2016,46.27
3/9/2016,46.51
3/10/2016,46.43
3/11/2016,47.5
3/14/2016,47.53
3/15/2016,47.58
3/16/2016,48.12
3/17/2016,48.83
3/18/2016,48.73
3/21/2016,48.17
3/22/2016,48.19
3/23/2016,47.58
3/24/2016,47.48
3/28/2016,47.9
3/29/2016,48.78
3/30/2016,48.98
3/31/2016,48.99
4/1/2016,49.08
4/4/2016,49.02
4/5/2016,48.71
4/6/2016,48.89
4/7/2016,48.56
4/8/2016,48.91
4/11/2016,48.89
4/12/2016,49.03
4/13/2016,48.79
4/14/2016,48.55
4/15/2016,48.86
4/18/2016,48.81
4/19/2016,49.11
4/20/2016,48.34
4/21/2016,47.51
4/22/2016,48.06
4/25/2016,48.31
4/26/2016,48.47
4/27/2016,48.49
4/28/2016,48.28
4/29/2016,47.73
5/2/2016,48.67
5/3/2016,48.49
5/4/2016,49.3
5/5/2016,49.42
5/6/2016,49.84
5/9/2016,50.4
5/10/2016,50.41
5/11/2016,49.52
5/12/2016,49.79
5/13/2016,49.3
5/16/2016,49.75
5/17/2016,48.84
5/18/2016,48.17
5/19/2016,47.8
5/20/2016,48.07
5/23/2016,48.14
5/24/2016,48.59
5/25/2016,48.72
5/26/2016,48.78
5/27/2016,48.95
5/31/2016,49.02
6/1/2016,48.81
6/2/2016,49.13
6/3/2016,49.19
6/6/2016,48.97
6/7/2016,49.2
6/8/2016,49.42
6/9/2016,49.46
6/10/2016,49.38
6/13/2016,49.55
6/14/2016,49.26
6/15/2016,49.74
6/16/2016,49.97
6/17/2016,49.83
6/20/2016,50.04
6/21/2016,49.86
6/22/2016,49.78
6/23/2016,49.94
6/24/2016,49.41
6/27/2016,49.61
6/28/2016,50.52
6/29/2016,51.4
6/30/2016,51.67
7/1/2016,52
7/5/2016,52.4
7/6/2016,52.2
7/7/2016,51.52
7/8/2016,52.47
7/11/2016,52.78
7/12/2016,52.74
7/13/2016,52.97
7/14/2016,52.61
7/15/2016,52.43
7/18/2016,52.58
7/19/2016,52.82
7/20/2016,52.83
7/21/2016,52.75
7/22/2016,53.45
7/25/2016,53.21
7/26/2016,53.04
7/27/2016,52.63
7/28/2016,53.02
7/29/2016,53.54
8/1/2016,53.72
8/2/2016,53.01
8/3/2016,52.62
8/4/2016,52.56
8/5/2016,52.48
8/8/2016,52.5
8/9/2016,52.78
8/10/2016,52.74
8/11/2016,52.24
8/12/2016,52.43
8/15/2016,52.29
8/16/2016,51.69
8/17/2016,51.88
8/18/2016,51.72
8/19/2016,51.39
8/22/2016,51.64
8/23/2016,51.7
8/24/2016,51.5
8/25/2016,51.72
8/26/2016,51.17
8/29/2016,51.63
8/30/2016,51.56
8/31/2016,51.56
9/1/2016,51.44
9/2/2016,51.9
9/6/2016,52.35
9/7/2016,52.48
9/8/2016,52.11
9/9/2016,50
9/12/2016,50.61
9/13/2016,49.37
9/14/2016,49.51
9/15/2016,49.72
9/16/2016,49.65
9/19/2016,50.01
9/20/2016,50.14
9/21/2016,50.65
9/22/2016,51.59
9/23/2016,51.86
9/26/2016,51.61
9/27/2016,51.08
9/28/2016,51.33
9/29/2016,50.98
9/30/2016,50.72
10/3/2016,49.71
10/4/2016,48.88
10/5/2016,47.9
10/6/2016,47.92
10/7/2016,47.85
10/10/2016,48.1
10/11/2016,47.74
10/12/2016,48.29
10/13/2016,48.62
10/14/2016,48.67
10/17/2016,48.51
10/18/2016,48.82
10/19/2016,48.93
10/20/2016,48.81
10/21/2016,48.71
10/24/2016,48.85
10/25/2016,48.81
10/26/2016,48.22
10/27/2016,47.09
10/28/2016,47.28
10/31/2016,47.86
11/1/2016,46.9
11/2/2016,46.4
11/3/2016,46.05
11/4/2016,46.28
11/7/2016,46.94
11/8/2016,47.41
11/9/2016,46.49
11/10/2016,45.83
11/11/2016,46.12
11/14/2016,47.29
11/15/2016,46.87
11/16/2016,46.72
11/17/2016,46.17
11/18/2016,46.38
11/21/2016,46.3
11/22/2016,47.08
11/23/2016,46.86
11/25/2016,47.1
11/28/2016,47.35
11/29/2016,47.73
11/30/2016,47.34
12/1/2016,46.36
12/2/2016,47.06
12/5/2016,47.45
12/6/2016,47.65
12/7/2016,48.64
12/8/2016,48.91
12/9/2016,48.85
12/12/2016,49.25
12/13/2016,49.06
12/14/2016,48.05
12/15/2016,47.76
12/16/2016,48.52
12/19/2016,49.14
12/20/2016,49.1
12/21/2016,47.82
12/22/2016,47.73
12/23/2016,47.86
12/27/2016,48.02
12/28/2016,47.64
12/29/2016,48.23
12/30/2016,48.77
1/3/2017,49.03
1/4/2017,49.82
1/5/2017,49.94
1/6/2017,50.05
1/9/2017,49.48
1/10/2017,49.06
1/11/2017,48.8
1/12/2017,49.03
1/13/2017,48.99
1/17/2017,49.27
1/18/2017,49.41
1/19/2017,48.92
1/20/2017,49.32
1/23/2017,49.67
1/24/2017,49.7
1/25/2017,49.44
1/26/2017,49.3
1/27/2017,48.77
1/30/2017,48.42
1/31/2017,48.84
2/1/2017,48.28
2/2/2017,48.88
2/3/2017,48.99
2/6/2017,49.01
2/7/2017,48.8
2/8/2017,49.23
2/9/2017,49.33
2/10/2017,49.74
2/13/2017,49.72
2/14/2017,49.51
2/15/2017,49.32
2/16/2017,49.51
2/17/2017,49.71
2/21/2017,50.37
2/22/2017,50.13
2/23/2017,50.38
2/24/2017,50.69
2/27/2017,50.94
2/28/2017,50.54
3/1/2017,50.46
3/2/2017,50.14
3/3/2017,49.92
3/6/2017,49.73
3/7/2017,49.45
3/8/2017,48.57
3/9/2017,47.85
3/10/2017,47.75
3/13/2017,47.92
3/14/2017,47.79
3/15/2017,48.79
3/16/2017,48.73
3/17/2017,48.93
3/20/2017,48.85
3/21/2017,48.72
3/22/2017,48.7
3/23/2017,49.2
3/24/2017,48.54
3/27/2017,48.08
3/28/2017,48.32
3/29/2017,48.39
3/30/2017,48.58
3/31/2017,48.92
4/3/2017,48.9
4/4/2017,48.95
4/5/2017,49.07
4/6/2017,49.39
4/7/2017,49.45
4/10/2017,49.81
4/11/2017,50.04
4/12/2017,50
4/13/2017,49.79
4/17/2017,50.51
4/18/2017,50.64
4/19/2017,50.55
4/20/2017,50.45
4/21/2017,50.31
4/24/2017,49.75
4/25/2017,50.02
4/26/2017,49.54
4/27/2017,49.42
4/28/2017,49.04
5/1/2017,49.22
5/2/2017,49.1
5/3/2017,48.58
5/4/2017,48.42
5/5/2017,48.65
5/8/2017,48.37
5/9/2017,48.11
5/10/2017,48.51
5/11/2017,48.3
5/12/2017,48.03
5/15/2017,48.17
5/16/2017,47.91
5/17/2017,48.05
5/18/2017,48.36
5/19/2017,48.65
5/22/2017,48.66
5/23/2017,48.78
5/24/2017,49.2
5/25/2017,49.24
5/26/2017,48.67
5/30/2017,48.61
5/31/2017,48.65
6/1/2017,48.89
6/2/2017,49.36
6/5/2017,49.12
6/6/2017,48.96
6/7/2017,49.23
6/8/2017,48.92
6/9/2017,49.52
6/12/2017,49.63
6/13/2017,50.05
6/14/2017,49.95
6/15/2017,50.35
6/16/2017,50.25
6/19/2017,50.09
6/20/2017,50
6/21/2017,49.84
6/22/2017,50.06
6/23/2017,50.34
6/26/2017,50.54
6/27/2017,49.89
6/28/2017,49.72
6/29/2017,49.36
6/30/2017,49.21
7/3/2017,50.03
7/5/2017,49.28
7/6/2017,48.29
7/7/2017,48.57
7/10/2017,48.15
7/11/2017,48.04
7/12/2017,48.66
7/13/2017,48.56
7/14/2017,49.24
7/17/2017,49.62
7/18/2017,49.43
7/19/2017,49.73
7/20/2017,49.61
7/21/2017,49.62
7/24/2017,49.52
7/25/2017,49.55
7/26/2017,49.84
7/27/2017,49.88
7/28/2017,49.75
7/31/2017,49.88
8/1/2017,50.07
8/2/2017,49.54
8/3/2017,49.45
8/4/2017,49.67
8/7/2017,49.54
8/8/2017,49.33
8/9/2017,49.18
8/10/2017,48.88
8/11/2017,48.5
8/14/2017,49.34
8/15/2017,49.14
8/16/2017,49.32
8/17/2017,49.18
8/18/2017,48.53
8/21/2017,49.11
8/22/2017,48.96
8/23/2017,49.4
8/24/2017,49.29
8/25/2017,49.57
8/28/2017,49.1
8/29/2017,49.08
8/30/2017,49.34
8/31/2017,49.64
9/1/2017,49.96
9/5/2017,49.65
9/6/2017,49.87
9/7/2017,50.18
9/8/2017,50.14
9/11/2017,50.58
9/12/2017,49.93
9/13/2017,49.93
9/14/2017,50.26
9/15/2017,50.44
9/18/2017,50.19
9/19/2017,49.93
9/20/2017,49.73
9/21/2017,49.75
9/22/2017,49.23
9/25/2017,49.59
9/26/2017,49.21
9/27/2017,48.76
9/28/2017,49.17
9/29/2017,49.26
10/2/2017,49.13
10/3/2017,49.14
10/4/2017,49.31
10/5/2017,49.56
10/6/2017,49.41
10/9/2017,49.49
10/10/2017,49.57
10/11/2017,49.69
10/12/2017,50.13
10/13/2017,50.25
10/16/2017,49.93
10/17/2017,50.03
10/18/2017,50.05
10/19/2017,49.79
10/20/2017,49.64
10/23/2017,49.41
10/24/2017,49.08
10/25/2017,48.88
10/26/2017,48.62
10/27/2017,48.78
10/30/2017,48.75
10/31/2017,48.79
11/1/2017,48.93
11/2/2017,49.35
11/3/2017,49.24
11/6/2017,49.66
11/7/2017,50.03
11/8/2017,50.21
11/9/2017,50.33
11/10/2017,50.42
11/13/2017,50.6
11/14/2017,50.58
11/15/2017,50.03
11/16/2017,50.38
11/17/2017,50.25
11/20/2017,50.11
11/21/2017,50.44
11/22/2017,50.33
11/24/2017,50.33
11/27/2017,50.17
11/28/2017,49.86
11/29/2017,50
11/30/2017,50.06
12/1/2017,50.14
12/4/2017,49.94
12/5/2017,49.5
12/6/2017,49.44
12/7/2017,49.62
12/8/2017,49.85
12/11/2017,49.8
12/12/2017,50.08
12/13/2017,50.23
12/14/2017,50.17
12/15/2017,50.51
12/18/2017,50.8
12/19/2017,49.4
12/20/2017,48.86
12/21/2017,48.67
12/22/2017,49.11
12/26/2017,49.22
12/27/2017,49.39
12/28/2017,49.65
12/29/2017,49.61
1/2/2018,49.49
1/3/2018,49.37
1/4/2018,48.53
1/5/2018,48.52
1/8/2018,48.87
1/9/2018,48.19
1/10/2018,47.63
1/11/2018,47.44
1/12/2018,47.09
1/16/2018,47.14
1/17/2018,47.46
1/18/2018,46.91
1/19/2018,47.13
1/22/2018,47.58
1/23/2018,48.01
1/24/2018,47.91
1/25/2018,47.87
1/26/2018,47.73
1/29/2018,47.08
1/30/2018,46.74
1/31/2018,47.57
2/1/2018,46.5
2/2/2018,46.16
2/5/2018,44.8
2/6/2018,44.84
2/7/2018,44.57
2/8/2018,43.26
2/9/2018,44.42
2/12/2018,44.45
2/13/2018,44.7
2/14/2018,44.38
2/15/2018,44.83
2/16/2018,45.1
2/20/2018,44.49
2/21/2018,43.63
2/22/2018,44.13
2/23/2018,44.88
2/26/2018,44.98
2/27/2018,43.87
2/28/2018,43.9
3/1/2018,43.95
3/2/2018,43.95
3/5/2018,44.42
3/6/2018,44.56
3/7/2018,44.91
3/8/2018,44.93
3/9/2018,45.13
3/12/2018,45.37
3/13/2018,45.4
3/14/2018,45.5
3/15/2018,45.42
3/16/2018,45.8
3/19/2018,45.4
3/20/2018,45.2
3/21/2018,44.86
3/22/2018,44.17
3/23/2018,43.33
3/26/2018,43.82
3/27/2018,43.99
3/28/2018,45.15
3/29/2018,45.07
4/2/2018,44.44
4/3/2018,44.9
4/4/2018,45.39
4/5/2018,45.33
4/6/2018,45.01
4/9/2018,44.84
4/10/2018,44.92
4/11/2018,44.92
4/12/2018,44.39
4/13/2018,44.68
4/16/2018,44.96
4/17/2018,45.48
4/18/2018,45.39
4/19/2018,44.74
4/20/2018,44.32
4/23/2018,44.23
4/24/2018,44.43
4/25/2018,44.34
4/26/2018,45.02
4/27/2018,45.94
4/30/2018,45.72
5/1/2018,46.23
5/2/2018,45.96
5/3/2018,45.98
5/4/2018,46.48
5/7/2018,46.84
5/8/2018,46.56
5/9/2018,46.89
5/10/2018,47.22
5/11/2018,47.04
5/14/2018,46.64
5/15/2018,45.86
5/16/2018,45.74
5/17/2018,45.44
5/18/2018,45.53
5/21/2018,46.01
5/22/2018,46.19
5/23/2018,46.71
5/24/2018,46.56
5/25/2018,46.77
5/29/2018,47.04
5/30/2018,47.71
5/31/2018,47.55
6/1/2018,47.8
6/4/2018,48.15
6/5/2018,48.06
6/6/2018,48.18
6/7/2018,48.2
6/8/2018,48.36
6/11/2018,48.26
6/12/2018,48.54
6/13/2018,47.66
6/14/2018,48.12
6/15/2018,48.08
6/18/2018,48.03
6/19/2018,48.01
6/20/2018,48.64
6/21/2018,48.87
6/22/2018,49.23
6/25/2018,49.2
6/26/2018,48.77
6/27/2018,48.56
6/28/2018,49.03
6/29/2018,49.15
7/2/2018,48.83
7/3/2018,49.22
7/5/2018,49.76
7/6/2018,50.04
7/9/2018,49.7
7/10/2018,49.73
7/11/2018,49.6
7/12/2018,49.77
7/13/2018,49.64
7/16/2018,49.37
7/17/2018,48.94
7/18/2018,48.78
7/19/2018,49.33
7/20/2018,48.89
7/23/2018,48.9
7/24/2018,48.63
7/25/2018,49.03
7/26/2018,49.11
7/27/2018,48.58
7/30/2018,48.68
7/31/2018,49.5
8/1/2018,49.76
8/2/2018,49.63
8/3/2018,50.15
8/6/2018,50.17
8/7/2018,50.05
8/8/2018,49.8
8/9/2018,49.79
8/10/2018,49.35
8/13/2018,49.42
8/14/2018,49.67
8/15/2018,50.1
8/16/2018,50.49
8/17/2018,50.98
8/20/2018,50.99
8/21/2018,50.68
8/22/2018,50.43
8/23/2018,50.35
8/24/2018,50.58
8/27/2018,50.49
8/28/2018,51.1
8/29/2018,51.05
8/30/2018,50.83
8/31/2018,51
9/4/2018,50.45
9/5/2018,50.82
9/6/2018,50.96
9/7/2018,50.36
9/10/2018,50.65
9/11/2018,50.61
9/12/2018,50.63
9/13/2018,50.83
9/14/2018,50.52
9/17/2018,50.77
9/18/2018,50.46
9/19/2018,49.78
9/20/2018,50.23
9/21/2018,50.28
9/24/2018,49.3
9/25/2018,49.32
9/26/2018,47.49
9/27/2018,47.72
9/28/2018,48.38
10/1/2018,47.95
10/2/2018,47.81
10/3/2018,47.4
10/4/2018,46.97
10/5/2018,46.96
10/8/2018,47.69
10/9/2018,47.81
10/10/2018,47.12
10/11/2018,45.78
10/12/2018,45.69
10/15/2018,45.91
10/16/2018,46.88
10/17/2018,46.73
10/18/2018,46.68
10/19/2018,46.93
10/22/2018,46.33
10/23/2018,46.57
10/24/2018,47.03
10/25/2018,47.65
10/26/2018,46.62
10/29/2018,47.14
10/30/2018,47.59
10/31/2018,46.9
11/1/2018,47.23
11/2/2018,46.62
11/5/2018,47.45
11/6/2018,47.65
11/7/2018,48.27
11/8/2018,48.32
11/9/2018,48.41
11/12/2018,48.39
11/13/2018,48.42
11/14/2018,48.31
11/15/2018,47.87
11/16/2018,48.46
11/19/2018,48.48
11/20/2018,48.16
11/21/2018,48.16
11/23/2018,48.07
11/26/2018,48.07
11/27/2018,48.31
11/28/2018,48.76
11/29/2018,48.76
11/30/2018,49.18
12/3/2018,49.57
12/4/2018,48.69
12/6/2018,50
12/7/2018,49.4
12/10/2018,49.04
12/11/2018,49.11
12/12/2018,48.16
12/13/2018,48.46
12/14/2018,48.39
12/17/2018,46.28
12/18/2018,46.74
12/19/2018,46.12
12/20/2018,45.51
12/21/2018,45
12/24/2018,43.17
12/26/2018,44.53
12/27/2018,44.63
12/28/2018,44.74
12/31/2018,44.85
1/2/2019,43.8
1/3/2019,44.06
1/4/2019,44.62
1/7/2019,45.06
1/8/2019,46.06
1/9/2019,46.08
1/10/2019,46.7
1/11/2019,46.82
1/14/2019,46.64
1/15/2019,47.15
1/16/2019,47.47
1/17/2019,47.72
1/18/2019,47.83
1/22/2019,47.7
1/23/2019,47.67
1/24/2019,47.72
1/25/2019,48.35
1/28/2019,48.88
1/29/2019,49.3
1/30/2019,49.73
1/31/2019,50.12
2/1/2019,49.8
2/4/2019,50.25
2/5/2019,50.48
2/6/2019,50.17
2/7/2019,50.66
2/8/2019,50.7
2/11/2019,50.83
2/12/2019,50.39
2/13/2019,50.65
2/14/2019,50.81
2/15/2019,51.08
2/19/2019,51.15
2/20/2019,50.79
2/21/2019,50.86
2/22/2019,51.21
2/25/2019,50.85
2/26/2019,50.72
2/27/2019,50.36
2/28/2019,50.54
3/1/2019,50.28
3/4/2019,50.48
3/5/2019,50.63
3/6/2019,50.35
3/7/2019,50.25
3/8/2019,50.29
3/11/2019,50.96
3/12/2019,51.2
3/13/2019,51.41
3/14/2019,51.51
3/15/2019,51.23
3/18/2019,50.93
3/19/2019,50.72
3/20/2019,50.44
3/21/2019,51.36
3/22/2019,51.09
3/25/2019,51.1
3/26/2019,51.62
3/27/2019,51.47
3/28/2019,51.95
3/29/2019,51.72
4/1/2019,51.84
4/2/2019,52.13
4/3/2019,52.11
4/4/2019,52
4/5/2019,52.29
4/8/2019,51.96
4/9/2019,51.65
4/10/2019,52.21
4/11/2019,52.15
4/12/2019,52.37
4/15/2019,52.15
4/16/2019,50.9
4/17/2019,50.41
4/18/2019,50.84
4/22/2019,50.19
4/23/2019,50.9
4/24/2019,51.41
4/25/2019,51.36
4/26/2019,51.7
4/29/2019,51.11
4/30/2019,51.59
5/1/2019,51.78
5/2/2019,51.9
5/3/2019,52.34
5/6/2019,52.23
5/7/2019,51.17
5/8/2019,51.16
5/9/2019,51.35
5/10/2019,51.88
5/13/2019,51.84
5/14/2019,52.03
5/15/2019,52.32
5/16/2019,52.67
5/17/2019,52.56
5/20/2019,51.89
5/21/2019,52.4
5/22/2019,52.49
5/23/2019,52.54
5/24/2019,52.74
5/28/2019,52.11
5/29/2019,51.42
5/30/2019,51.5
5/31/2019,51.68
6/3/2019,51.79
6/4/2019,51.56
6/5/2019,52.65
6/6/2019,52.69
6/7/2019,52.89
6/10/2019,52.7
6/11/2019,52.84
6/12/2019,52.98
6/13/2019,53.32
6/14/2019,53.33
6/17/2019,53.49
6/18/2019,53.29
6/19/2019,53.62
6/20/2019,53.86
6/21/2019,53.14
6/24/2019,52.78
6/25/2019,52.16
6/26/2019,51.06
6/27/2019,51.69
6/28/2019,52.02
7/1/2019,51.86
7/2/2019,52.77
7/3/2019,53.44
7/5/2019,53.25
7/8/2019,53.46
7/9/2019,53.71
7/10/2019,54.01
7/11/2019,53.29
7/12/2019,53.22
7/15/2019,53.11
7/16/2019,53.02
7/17/2019,52.89
7/18/2019,52.94
7/19/2019,52.04
7/22/2019,51.93
7/23/2019,52.57
7/24/2019,52.55
7/25/2019,52.24
7/26/2019,52.43
7/29/2019,52.63
7/30/2019,52.95
7/31/2019,52.63
8/1/2019,52.58
8/2/2019,52.85
8/5/2019,51.83
8/6/2019,52.29
8/7/2019,52.91
8/8/2019,53.69
8/9/2019,53.69
8/12/2019,53.54
8/13/2019,53.53
8/14/2019,52.83
8/15/2019,53.3
8/16/2019,53.87
8/19/2019,54.3
8/20/2019,53.74
8/21/2019,53.94
8/22/2019,54.24
8/23/2019,53.46
8/26/2019,53.87
8/27/2019,53.67
8/28/2019,53.83
8/29/2019,54.31
8/30/2019,54.39
9/3/2019,54.89
9/4/2019,55.31
9/5/2019,54.92
9/6/2019,55.16
9/9/2019,55.12
9/10/2019,54.68
9/11/2019,54.84
9/12/2019,55
9/13/2019,54.43
9/16/2019,54.98
9/17/2019,55.45
9/18/2019,55.26
9/19/2019,55.38
9/20/2019,55.37
9/23/2019,55.47
9/24/2019,54.94
9/25/2019,55.16
9/26/2019,55.6
9/27/2019,55.53
9/30/2019,55.55
10/1/2019,55.01
10/2/2019,54.9
10/3/2019,55.45
10/4/2019,55.74
10/7/2019,55.63
10/8/2019,55.34
10/9/2019,55.4
10/10/2019,55.45
10/11/2019,55.43
10/14/2019,55.43
10/15/2019,55.58
10/16/2019,55.61
10/17/2019,55.82
10/18/2019,56.16
10/21/2019,56.65
10/22/2019,56.56
10/23/2019,56.7
10/24/2019,56.69
10/25/2019,56.17
10/28/2019,55.96
10/29/2019,56.07
10/30/2019,56.46
10/31/2019,56.35
11/1/2019,56.33
11/4/2019,55.99
11/5/2019,55.02
11/6/2019,55.17
11/7/2019,54.54
11/8/2019,54.39
11/11/2019,54.44
11/12/2019,54.02
11/13/2019,54.49
11/14/2019,54.91
11/15/2019,55.18
11/18/2019,55.47
11/19/2019,55.57
11/20/2019,55.4
11/21/2019,54.62
11/22/2019,54.56
11/25/2019,54.78
11/26/2019,55.38
11/27/2019,55.75
11/29/2019,55.48
12/2/2019,54.64
12/3/2019,54.96
12/4/2019,55.16
12/5/2019,55.16
12/6/2019,55.27
12/9/2019,55.37
12/10/2019,55.1
12/11/2019,54.35
12/12/2019,53.52
12/13/2019,53.36
12/16/2019,53.19
12/17/2019,52.69
12/18/2019,53.22
12/19/2019,53.58
12/20/2019,53.83
12/23/2019,53.49
12/24/2019,53.63
12/26/2019,53.89
12/27/2019,54.07
12/30/2019,54.15
12/31/2019,54.59
1/2/2020,53.66
1/3/2020,54.22
1/6/2020,54.35
1/7/2020,53.76
1/8/2020,53.96
1/9/2020,53.83
1/10/2020,54.26
1/13/2020,54.84
1/14/2020,54.61
1/15/2020,55.06
1/16/2020,55.68
1/17/2020,55.68
1/21/2020,56.29
1/22/2020,55.85
1/23/2020,56.33
1/24/2020,56.16
1/27/2020,55.83
1/28/2020,56.04
1/29/2020,55.94
1/30/2020,55.92
1/31/2020,55.2
2/3/2020,55.41
2/4/2020,55.98
2/5/2020,55.97
2/6/2020,56.16
2/7/2020,56.09
2/10/2020,56.74
2/11/2020,56.75
2/12/2020,56.95
2/13/2020,57.35
2/14/2020,58
2/18/2020,57.99
2/19/2020,57.12
2/20/2020,57.95
2/21/2020,58.18
2/24/2020,57.38
2/25/2020,55.66
2/26/2020,55.14
2/27/2020,52.13
2/28/2020,50.88
3/2/2020,52.78
3/3/2020,52.56
3/4/2020,54.5
3/5/2020,53.26
3/6/2020,52.33
3/9/2020,48.21
3/10/2020,50.18
3/11/2020,46.9
3/12/2020,41.96
3/13/2020,45.6
3/16/2020,36.87
3/17/2020,38.89
3/18/2020,34.89
3/19/2020,35.27
3/20/2020,33.75
3/23/2020,32.36
3/24/2020,35.32
3/25/2020,36.91
3/26/2020,39.22
3/27/2020,39.47
3/30/2020,39.91
3/31/2020,39.17
4/1/2020,36.36
4/2/2020,36.02
4/3/2020,35.36
4/6/2020,38.31
4/7/2020,38.83
4/8/2020,41.27
4/9/2020,43.83
4/13/2020,41.95
4/14/2020,43.1
4/15/2020,41.24
4/16/2020,40.47
4/17/2020,41.91
4/20/2020,40.22
4/21/2020,39.58
4/22/2020,39.93
4/23/2020,39.62
4/24/2020,39.89
4/27/2020,41.4
4/28/2020,42.09
4/29/2020,43.18
4/30/2020,42.45
5/1/2020,40.98
5/4/2020,40.67
5/5/2020,40.77
5/6/2020,39.97
5/7/2020,40.69
5/8/2020,41.71
5/11/2020,40.91
5/12/2020,38.87
5/13/2020,37.9
5/14/2020,38.09
5/15/2020,37.9
5/18/2020,40.38
5/19/2020,40.02
5/20/2020,40.42
5/21/2020,40.47
5/22/2020,40.71
5/26/2020,42.46
5/27/2020,43.16
5/28/2020,43.17
5/29/2020,42.58
6/1/2020,43.61
6/2/2020,43.95
6/3/2020,45.59
6/4/2020,45.4
6/5/2020,47.4
6/8/2020,48.66
6/9/2020,47.64
6/10/2020,46.21
6/11/2020,43.24
6/12/2020,44.95
6/15/2020,45.16
6/16/2020,46.18
6/17/2020,45.42
6/18/2020,45.03
6/19/2020,43.85
6/22/2020,43.88
6/23/2020,43.63
6/24/2020,42.5
6/25/2020,43.09
6/26/2020,42.31
6/29/2020,43.14
6/30/2020,43.48